source,proposed_target,status,artifact_type,ownership,ownership_confidence,ownership_score,ownership_evidence,lifecycle,old_manifest_module,old_manifest_target,dynamic_loader,sys_path_mutation,parent_depth_indices,path_depth_risk,ci_reference,documentation_references,verification_required,notes
04_Testing/analyze_xauusd_hierarchical_model_v4_stage_b_feature_stability_reduction.py,04_Testing/research/legacy_ml/analyze_xauusd_hierarchical_model_v4_stage_b_feature_stability_reduction.py,REVIEW_REQUIRED,operation_or_research,research.legacy_ml,MEDIUM,300,Models=300[300:dynamic-module:02_AI.Models.xauusd_hierarchical_model_v4_trainer],HISTORICAL,research.legacy_ml,04_Testing/research/legacy_ml/analyze_xauusd_hierarchical_model_v4_stage_b_feature_stability_reduction.py,YES,YES,1,HIGH,NO,,ast_parse;py_compile;stale_path_scan;frozen_hash_check;repo_root_semantics;dynamic_loader_semantics,"old research classification retained as evidence, not authority"
04_Testing/analyze_xauusd_hierarchical_model_v4_stage_b_temporal_robustness.py,04_Testing/research/legacy_ml/analyze_xauusd_hierarchical_model_v4_stage_b_temporal_robustness.py,REVIEW_REQUIRED,operation_or_research,research.legacy_ml,MEDIUM,300,Models=300[300:dynamic-module:02_AI.Models.xauusd_hierarchical_model_v4_trainer],HISTORICAL,research.legacy_ml,04_Testing/research/legacy_ml/analyze_xauusd_hierarchical_model_v4_stage_b_temporal_robustness.py,YES,YES,1,HIGH,NO,,ast_parse;py_compile;stale_path_scan;frozen_hash_check;repo_root_semantics;dynamic_loader_semantics,"old research classification retained as evidence, not authority"
04_Testing/audit_xauusd_portable_331_train_input_readiness.py,04_Testing/research/portable_331/train/audit_xauusd_portable_331_train_input_readiness.py,REVIEW_REQUIRED,operation_or_research,research.portable_331.train,MEDIUM,0,,HISTORICAL_FROZEN,research.portable_331.train,04_Testing/research/portable_331/train/audit_xauusd_portable_331_train_input_readiness.py,YES,YES,1,HIGH,NO,,ast_parse;py_compile;stale_path_scan;frozen_hash_check;repo_root_semantics;dynamic_loader_semantics,"old research classification retained as evidence, not authority"
04_Testing/build_exness_demo_xauusd_canonical_history.py,04_Testing/build_exness_demo_xauusd_canonical_history.py,REVIEW_REQUIRED,operation_or_research,Dataset,MEDIUM,300,Dataset=300[300:dynamic-module:02_AI.Dataset.history_manager],REVIEW_REQUIRED,unclassified,04_Testing/build_exness_demo_xauusd_canonical_history.py,YES,YES,,NONE,NO,,ast_parse;py_compile;stale_path_scan;frozen_hash_check;dynamic_loader_semantics,deprecated old classification: unclassified
04_Testing/build_xauusd_training_matrix.py,04_Testing/research/legacy_ml/build_xauusd_training_matrix.py,REVIEW_REQUIRED,operation_or_research,research.legacy_ml,MEDIUM,300,Dataset=300[300:dynamic-module:02_AI.Dataset.training_matrix_builder],HISTORICAL,research.legacy_ml,04_Testing/research/legacy_ml/build_xauusd_training_matrix.py,YES,YES,,NONE,NO,,ast_parse;py_compile;stale_path_scan;frozen_hash_check;dynamic_loader_semantics,"old research classification retained as evidence, not authority"
04_Testing/build_xauusd_training_v2.py,04_Testing/research/legacy_ml/build_xauusd_training_v2.py,REVIEW_REQUIRED,operation_or_research,research.legacy_ml,MEDIUM,300,Dataset=300[300:dynamic-module:02_AI.Dataset.training_target_relabeler],HISTORICAL,research.legacy_ml,04_Testing/research/legacy_ml/build_xauusd_training_v2.py,YES,YES,,NONE,NO,,ast_parse;py_compile;stale_path_scan;frozen_hash_check;dynamic_loader_semantics,"old research classification retained as evidence, not authority"
04_Testing/build_xauusd_training_v3.py,04_Testing/research/legacy_ml/build_xauusd_training_v3.py,REVIEW_REQUIRED,operation_or_research,research.legacy_ml,MEDIUM,300,Dataset=300[300:dynamic-module:02_AI.Dataset.training_feature_enricher],HISTORICAL,research.legacy_ml,04_Testing/research/legacy_ml/build_xauusd_training_v3.py,YES,YES,,NONE,NO,,ast_parse;py_compile;stale_path_scan;frozen_hash_check;dynamic_loader_semantics,"old research classification retained as evidence, not authority"
04_Testing/check_symbols.py,04_Testing/check_symbols.py,REVIEW_REQUIRED,operation_or_research,unclassified,LOW,0,,REVIEW_REQUIRED,unclassified,04_Testing/check_symbols.py,NO,NO,,NONE,NO,,ast_parse;py_compile;stale_path_scan;frozen_hash_check,deprecated old classification: unclassified
04_Testing/check_terminal.py,04_Testing/check_terminal.py,REVIEW_REQUIRED,operation_or_research,unclassified,LOW,0,,REVIEW_REQUIRED,unclassified,04_Testing/check_terminal.py,NO,NO,,NONE,NO,,ast_parse;py_compile;stale_path_scan;frozen_hash_check,deprecated old classification: unclassified
04_Testing/confidence_v21_research_validation.py,04_Testing/research/shadow_or_legacy/confidence_v21_research_validation.py,REVIEW_REQUIRED,operation_or_research,research.shadow_or_legacy,MEDIUM,300,Core=300[300:dynamic-module:02_AI.Core.scalping_pipeline] | Dataset=300[300:dynamic-module:02_AI.Dataset.data_fetcher],HISTORICAL_OR_SHADOW,research.shadow_or_legacy,04_Testing/research/shadow_or_legacy/confidence_v21_research_validation.py,YES,YES,1,HIGH,NO,,ast_parse;py_compile;stale_path_scan;frozen_hash_check;repo_root_semantics;dynamic_loader_semantics,"old research classification retained as evidence, not authority"
04_Testing/confidence_v21_shadow_validation.py,04_Testing/research/shadow_or_legacy/confidence_v21_shadow_validation.py,REVIEW_REQUIRED,operation_or_research,research.shadow_or_legacy,MEDIUM,0,,HISTORICAL_OR_SHADOW,research.shadow_or_legacy,04_Testing/research/shadow_or_legacy/confidence_v21_shadow_validation.py,YES,YES,1,HIGH,NO,,ast_parse;py_compile;stale_path_scan;frozen_hash_check;repo_root_semantics;dynamic_loader_semantics,"old research classification retained as evidence, not authority"
04_Testing/confidence_v21_walk_forward_validation.py,04_Testing/research/shadow_or_legacy/confidence_v21_walk_forward_validation.py,REVIEW_REQUIRED,operation_or_research,research.shadow_or_legacy,MEDIUM,0,,HISTORICAL_OR_SHADOW,research.shadow_or_legacy,04_Testing/research/shadow_or_legacy/confidence_v21_walk_forward_validation.py,YES,YES,1,HIGH,NO,,ast_parse;py_compile;stale_path_scan;frozen_hash_check;repo_root_semantics;dynamic_loader_semantics,"old research classification retained as evidence, not authority"
04_Testing/conftest.py,04_Testing/conftest.py,SUPPORT_STAY,pytest_support,pytest_root_support,HIGH,0,,ACTIVE_REGRESSION,runtime.misc,04_Testing/runtime/misc/conftest.py,NO,YES,1,HIGH,NO,05_Documentation/Module_List.md,ast_parse;py_compile;stale_path_scan;frozen_hash_check;documentation_update;repo_root_semantics,
04_Testing/daily_trade_readiness_diagnostic.py,04_Testing/daily_trade_readiness_diagnostic.py,REVIEW_REQUIRED,operation_or_research,Core,MEDIUM,300,Core=300[300:dynamic-module:02_AI.Core.scalping_pipeline] | Dataset=300[300:dynamic-module:02_AI.Dataset.data_fetcher],REVIEW_REQUIRED,unclassified,04_Testing/daily_trade_readiness_diagnostic.py,YES,YES,,NONE,NO,,ast_parse;py_compile;stale_path_scan;frozen_hash_check;dynamic_loader_semantics,deprecated old classification: unclassified
04_Testing/design_xauusd_portable_331_one_time_test_protocol.py,04_Testing/design_xauusd_portable_331_one_time_test_protocol.py,FROZEN_STAY,operation_or_research,frozen_compatibility,FROZEN,470,Dataset=470[220:source-file-string:02_AI/Dataset/portable_331_training_input_loader.py;250:source-domain-path:02_AI/Dataset/portable_331_training_input_loader.py],FROZEN_HOLDOUT,research.portable_331.holdout,04_Testing/design_xauusd_portable_331_one_time_test_protocol.py,NO,NO,,NONE,NO,,ast_parse;py_compile;stale_path_scan;frozen_hash_check,
04_Testing/design_xauusd_portable_331_one_time_validation_protocol.py,04_Testing/design_xauusd_portable_331_one_time_validation_protocol.py,FROZEN_STAY,operation_or_research,frozen_compatibility,FROZEN,0,,FROZEN_HOLDOUT,research.portable_331.holdout,04_Testing/design_xauusd_portable_331_one_time_validation_protocol.py,NO,NO,1,HIGH,NO,05_Documentation/Developer_Guide.md;05_Documentation/Module_List.md,ast_parse;py_compile;stale_path_scan;frozen_hash_check;documentation_update;repo_root_semantics,
04_Testing/design_xauusd_portable_331_train_model_candidate_registry.py,04_Testing/research/portable_331/train/design_xauusd_portable_331_train_model_candidate_registry.py,REVIEW_REQUIRED,operation_or_research,research.portable_331.train,MEDIUM,0,,HISTORICAL_FROZEN,research.portable_331.train,04_Testing/research/portable_331/train/design_xauusd_portable_331_train_model_candidate_registry.py,NO,YES,1,HIGH,NO,,ast_parse;py_compile;stale_path_scan;frozen_hash_check;repo_root_semantics,"old research classification retained as evidence, not authority"
04_Testing/design_xauusd_portable_331_train_model_research_protocol.py,04_Testing/research/portable_331/train/design_xauusd_portable_331_train_model_research_protocol.py,REVIEW_REQUIRED,operation_or_research,research.portable_331.train,MEDIUM,220,Dataset=220[220:source-file-string:portable_331_training_input_loader.py],HISTORICAL_FROZEN,research.portable_331.train,04_Testing/research/portable_331/train/design_xauusd_portable_331_train_model_research_protocol.py,NO,YES,1,HIGH,NO,,ast_parse;py_compile;stale_path_scan;frozen_hash_check;repo_root_semantics,"old research classification retained as evidence, not authority"
04_Testing/design_xauusd_portable_331_train_supervised_batch_contract.py,04_Testing/research/portable_331/train/design_xauusd_portable_331_train_supervised_batch_contract.py,REVIEW_REQUIRED,operation_or_research,research.portable_331.train,MEDIUM,220,Dataset=220[220:source-file-string:portable_331_training_input_loader.py],HISTORICAL_FROZEN,research.portable_331.train,04_Testing/research/portable_331/train/design_xauusd_portable_331_train_supervised_batch_contract.py,NO,YES,1,HIGH,NO,,ast_parse;py_compile;stale_path_scan;frozen_hash_check;repo_root_semantics,"old research classification retained as evidence, not authority"
04_Testing/design_xauusd_portable_331_train_target_access_contract.py,04_Testing/research/portable_331/train/design_xauusd_portable_331_train_target_access_contract.py,REVIEW_REQUIRED,operation_or_research,research.portable_331.train,MEDIUM,220,Dataset=220[220:source-file-string:portable_331_training_input_loader.py],HISTORICAL_FROZEN,research.portable_331.train,04_Testing/research/portable_331/train/design_xauusd_portable_331_train_target_access_contract.py,YES,YES,1,HIGH,NO,,ast_parse;py_compile;stale_path_scan;frozen_hash_check;repo_root_semantics;dynamic_loader_semantics,"old research classification retained as evidence, not authority"
04_Testing/design_xauusd_portable_331_trainer_input_contract.py,04_Testing/research/portable_331/train/design_xauusd_portable_331_trainer_input_contract.py,REVIEW_REQUIRED,operation_or_research,research.portable_331.train,MEDIUM,220,Models=220[220:source-file-string:xauusd_hierarchical_model_v4_trainer.py],HISTORICAL_FROZEN,research.portable_331.train,04_Testing/research/portable_331/train/design_xauusd_portable_331_trainer_input_contract.py,YES,YES,1,HIGH,NO,,ast_parse;py_compile;stale_path_scan;frozen_hash_check;repo_root_semantics;dynamic_loader_semantics,"old research classification retained as evidence, not authority"
04_Testing/diagnose_xauusd_portable_331_float_roundtrip.py,04_Testing/research/portable_331/train/diagnose_xauusd_portable_331_float_roundtrip.py,REVIEW_REQUIRED,operation_or_research,research.portable_331.train,MEDIUM,0,,HISTORICAL_FROZEN,research.portable_331.train,04_Testing/research/portable_331/train/diagnose_xauusd_portable_331_float_roundtrip.py,YES,YES,1,HIGH,NO,,ast_parse;py_compile;stale_path_scan;frozen_hash_check;repo_root_semantics;dynamic_loader_semantics,"old research classification retained as evidence, not authority"
04_Testing/discover_xauusd_current_feature_pipeline.py,04_Testing/discover_xauusd_current_feature_pipeline.py,REVIEW_REQUIRED,operation_or_research,unclassified,LOW,0,,REVIEW_REQUIRED,unclassified,04_Testing/discover_xauusd_current_feature_pipeline.py,NO,NO,1,HIGH,NO,,ast_parse;py_compile;stale_path_scan;frozen_hash_check;repo_root_semantics,deprecated old classification: unclassified
04_Testing/evaluate_xauusd_portable_331_train_model_candidates.py,04_Testing/research/portable_331/train/evaluate_xauusd_portable_331_train_model_candidates.py,REVIEW_REQUIRED,operation_or_research,research.portable_331.train,MEDIUM,0,,HISTORICAL_FROZEN,research.portable_331.train,04_Testing/research/portable_331/train/evaluate_xauusd_portable_331_train_model_candidates.py,NO,NO,,NONE,NO,05_Documentation/Architecture.md;05_Documentation/Developer_Guide.md;05_Documentation/Module_List.md;05_Documentation/Version_History.md,ast_parse;py_compile;stale_path_scan;frozen_hash_check;documentation_update,"old research classification retained as evidence, not authority"
04_Testing/exness_demo_xauusd_context_attestation_operation.py,04_Testing/exness_demo_xauusd_context_attestation_operation.py,REVIEW_REQUIRED,operation_or_research,Dataset,MEDIUM,900,Dataset=900[300:dynamic-module:02_AI.Dataset.broker_instrument_context_binding;300:dynamic-module:02_AI.Dataset.data_fetcher;300:dynamic-module:02_AI.Dataset.mt5_read_only_instrument_attestation_adapter] | Common=120[120:module-from:types],REVIEW_REQUIRED,unclassified,04_Testing/exness_demo_xauusd_context_attestation_operation.py,YES,NO,,NONE,NO,,ast_parse;py_compile;stale_path_scan;frozen_hash_check;dynamic_loader_semantics,deprecated old classification: unclassified
04_Testing/exness_historical_fill_telemetry_operation.py,04_Testing/exness_historical_fill_telemetry_operation.py,REVIEW_REQUIRED,operation_or_research,Shadow,MEDIUM,300,Shadow=300[300:dynamic-module:02_AI.Shadow.mt5_read_only_fill_telemetry_adapter],REVIEW_REQUIRED,unclassified,04_Testing/exness_historical_fill_telemetry_operation.py,YES,YES,,NONE,NO,,ast_parse;py_compile;stale_path_scan;frozen_hash_check;dynamic_loader_semantics,deprecated old classification: unclassified
04_Testing/fit_xauusd_portable_331_c04_full_train_model.py,04_Testing/research/portable_331/train/fit_xauusd_portable_331_c04_full_train_model.py,REVIEW_REQUIRED,operation_or_research,research.portable_331.train,MEDIUM,120,Common=120[120:module-from:types],HISTORICAL_FROZEN,research.portable_331.train,04_Testing/research/portable_331/train/fit_xauusd_portable_331_c04_full_train_model.py,YES,NO,1,HIGH,NO,05_Documentation/Developer_Guide.md;05_Documentation/Module_List.md,ast_parse;py_compile;stale_path_scan;frozen_hash_check;documentation_update;repo_root_semantics;dynamic_loader_semantics,"old research classification retained as evidence, not authority"
04_Testing/freeze_xauusd_portable_331_one_time_validation_result.py,04_Testing/freeze_xauusd_portable_331_one_time_validation_result.py,FROZEN_STAY,operation_or_research,frozen_compatibility,FROZEN,0,,FROZEN_HOLDOUT,research.portable_331.holdout,04_Testing/freeze_xauusd_portable_331_one_time_validation_result.py,NO,NO,1,HIGH,NO,05_Documentation/Developer_Guide.md;05_Documentation/Module_List.md,ast_parse;py_compile;stale_path_scan;frozen_hash_check;documentation_update;repo_root_semantics,
04_Testing/freeze_xauusd_portable_331_train_internal_winner.py,04_Testing/research/portable_331/train/freeze_xauusd_portable_331_train_internal_winner.py,REVIEW_REQUIRED,operation_or_research,research.portable_331.train,MEDIUM,120,Common=120[120:module-from:types],HISTORICAL_FROZEN,research.portable_331.train,04_Testing/research/portable_331/train/freeze_xauusd_portable_331_train_internal_winner.py,YES,NO,1,HIGH,NO,05_Documentation/Module_List.md,ast_parse;py_compile;stale_path_scan;frozen_hash_check;documentation_update;repo_root_semantics;dynamic_loader_semantics,"old research classification retained as evidence, not authority"
04_Testing/inspect_xauusd_portable_331_candidate_evaluator_integration_contract.py,04_Testing/research/portable_331/train/inspect_xauusd_portable_331_candidate_evaluator_integration_contract.py,REVIEW_REQUIRED,operation_or_research,research.portable_331.train,MEDIUM,220,Dataset=220[220:source-file-string:portable_331_training_input_loader.py] | Config=180[180:module-string:constants],HISTORICAL_FROZEN,research.portable_331.train,04_Testing/research/portable_331/train/inspect_xauusd_portable_331_candidate_evaluator_integration_contract.py,NO,NO,1,HIGH,NO,,ast_parse;py_compile;stale_path_scan;frozen_hash_check;repo_root_semantics,"old research classification retained as evidence, not authority"
04_Testing/multi_day_scalping_validation.py,04_Testing/research/shadow_or_legacy/multi_day_scalping_validation.py,REVIEW_REQUIRED,operation_or_research,research.shadow_or_legacy,MEDIUM,300,Core=300[300:dynamic-module:02_AI.Core.scalping_pipeline] | Dataset=300[300:dynamic-module:02_AI.Dataset.data_fetcher],HISTORICAL_OR_SHADOW,research.shadow_or_legacy,04_Testing/research/shadow_or_legacy/multi_day_scalping_validation.py,YES,YES,1,HIGH,NO,,ast_parse;py_compile;stale_path_scan;frozen_hash_check;repo_root_semantics;dynamic_loader_semantics,"old research classification retained as evidence, not authority"
04_Testing/regime_conditioned_quality_validation.py,04_Testing/research/shadow_or_legacy/regime_conditioned_quality_validation.py,REVIEW_REQUIRED,operation_or_research,research.shadow_or_legacy,MEDIUM,300,Core=300[300:dynamic-module:02_AI.Core.market_regime],HISTORICAL_OR_SHADOW,research.shadow_or_legacy,04_Testing/research/shadow_or_legacy/regime_conditioned_quality_validation.py,YES,YES,1,HIGH,NO,,ast_parse;py_compile;stale_path_scan;frozen_hash_check;repo_root_semantics;dynamic_loader_semantics,"old research classification retained as evidence, not authority"
04_Testing/regime_hypothesis_validation.py,04_Testing/research/shadow_or_legacy/regime_hypothesis_validation.py,REVIEW_REQUIRED,operation_or_research,research.shadow_or_legacy,MEDIUM,0,,HISTORICAL_OR_SHADOW,research.shadow_or_legacy,04_Testing/research/shadow_or_legacy/regime_hypothesis_validation.py,YES,YES,1,HIGH,NO,,ast_parse;py_compile;stale_path_scan;frozen_hash_check;repo_root_semantics;dynamic_loader_semantics,"old research classification retained as evidence, not authority"
04_Testing/research_opportunity_quality_operation.py,04_Testing/research/shadow_or_legacy/research_opportunity_quality_operation.py,REVIEW_REQUIRED,operation_or_research,research.shadow_or_legacy,MEDIUM,900,Shadow=900[300:dynamic-module:02_AI.Shadow.research_candidate_episode;300:dynamic-module:02_AI.Shadow.research_candidate_ledger;300:dynamic-module:02_AI.Shadow.research_opportunity_quality],HISTORICAL_OR_SHADOW,research.shadow_or_legacy,04_Testing/research/shadow_or_legacy/research_opportunity_quality_operation.py,YES,YES,1,HIGH,NO,,ast_parse;py_compile;stale_path_scan;frozen_hash_check;repo_root_semantics;dynamic_loader_semantics,"old research classification retained as evidence, not authority"
04_Testing/research_zone_context_outcome_operation.py,04_Testing/research/shadow_or_legacy/research_zone_context_outcome_operation.py,REVIEW_REQUIRED,operation_or_research,research.shadow_or_legacy,MEDIUM,1200,Shadow=1200[300:dynamic-module:02_AI.Shadow.research_candidate_episode;300:dynamic-module:02_AI.Shadow.research_candidate_ledger;300:dynamic-module:02_AI.Shadow.research_intelligence_pipeline;300:dynamic-module:02_AI.Shadow.research_zone_context_outcome] | Dataset=300[300:dynamic-module:02_AI.Dataset.data_fetcher],HISTORICAL_OR_SHADOW,research.shadow_or_legacy,04_Testing/research/shadow_or_legacy/research_zone_context_outcome_operation.py,YES,YES,1,HIGH,NO,,ast_parse;py_compile;stale_path_scan;frozen_hash_check;repo_root_semantics;dynamic_loader_semantics,"old research classification retained as evidence, not authority"
04_Testing/run_exness_demo_xauusd_context_attestation.py,04_Testing/run_exness_demo_xauusd_context_attestation.py,REVIEW_REQUIRED,operation_or_research,unclassified,LOW,0,,REVIEW_REQUIRED,unclassified,04_Testing/run_exness_demo_xauusd_context_attestation.py,YES,YES,,NONE,NO,,ast_parse;py_compile;stale_path_scan;frozen_hash_check;dynamic_loader_semantics,deprecated old classification: unclassified
04_Testing/run_xauusd_portable_331_candidate_evaluator_integration.py,04_Testing/research/portable_331/train/run_xauusd_portable_331_candidate_evaluator_integration.py,REVIEW_REQUIRED,operation_or_research,research.portable_331.train,MEDIUM,400,Dataset=400[180:module-string:portable_331_training_input_loader;220:source-file-string:portable_331_training_input_loader.py] | Common=120[120:module-from:types],HISTORICAL_FROZEN,research.portable_331.train,04_Testing/research/portable_331/train/run_xauusd_portable_331_candidate_evaluator_integration.py,YES,YES,1,HIGH,NO,05_Documentation/Module_List.md,ast_parse;py_compile;stale_path_scan;frozen_hash_check;documentation_update;repo_root_semantics;dynamic_loader_semantics,"old research classification retained as evidence, not authority"
04_Testing/run_xauusd_portable_331_one_time_test.py,04_Testing/run_xauusd_portable_331_one_time_test.py,FROZEN_STAY,operation_or_research,frozen_compatibility,FROZEN,220,Dataset=220[220:source-file-string:portable_331_training_input_loader.py] | Common=120[120:module-from:types],FROZEN_HOLDOUT,research.portable_331.holdout,04_Testing/run_xauusd_portable_331_one_time_test.py,YES,NO,1,HIGH,NO,,ast_parse;py_compile;stale_path_scan;frozen_hash_check;repo_root_semantics;dynamic_loader_semantics,
04_Testing/run_xauusd_portable_331_one_time_validation.py,04_Testing/run_xauusd_portable_331_one_time_validation.py,FROZEN_STAY,operation_or_research,frozen_compatibility,FROZEN,120,Common=120[120:module-from:types],FROZEN_HOLDOUT,research.portable_331.holdout,04_Testing/run_xauusd_portable_331_one_time_validation.py,YES,NO,1,HIGH,NO,05_Documentation/Developer_Guide.md;05_Documentation/Module_List.md,ast_parse;py_compile;stale_path_scan;frozen_hash_check;documentation_update;repo_root_semantics;dynamic_loader_semantics,
04_Testing/run_xauusd_portable_331_train_candidate_walk_forward_evaluation.py,04_Testing/research/portable_331/train/run_xauusd_portable_331_train_candidate_walk_forward_evaluation.py,REVIEW_REQUIRED,operation_or_research,research.portable_331.train,MEDIUM,120,Common=120[120:module-from:types],HISTORICAL_FROZEN,research.portable_331.train,04_Testing/research/portable_331/train/run_xauusd_portable_331_train_candidate_walk_forward_evaluation.py,YES,NO,1,HIGH,NO,05_Documentation/Module_List.md,ast_parse;py_compile;stale_path_scan;frozen_hash_check;documentation_update;repo_root_semantics;dynamic_loader_semantics,"old research classification retained as evidence, not authority"
04_Testing/run_xauusd_portable_331_train_supervised_batch_integration.py,04_Testing/research/portable_331/train/run_xauusd_portable_331_train_supervised_batch_integration.py,REVIEW_REQUIRED,operation_or_research,research.portable_331.train,MEDIUM,0,,HISTORICAL_FROZEN,research.portable_331.train,04_Testing/research/portable_331/train/run_xauusd_portable_331_train_supervised_batch_integration.py,YES,YES,1,HIGH,NO,,ast_parse;py_compile;stale_path_scan;frozen_hash_check;repo_root_semantics;dynamic_loader_semantics,"old research classification retained as evidence, not authority"
04_Testing/run_xauusd_portable_331_train_target_loader_integration.py,04_Testing/research/portable_331/train/run_xauusd_portable_331_train_target_loader_integration.py,REVIEW_REQUIRED,operation_or_research,research.portable_331.train,MEDIUM,0,,HISTORICAL_FROZEN,research.portable_331.train,04_Testing/research/portable_331/train/run_xauusd_portable_331_train_target_loader_integration.py,YES,YES,1,HIGH,NO,,ast_parse;py_compile;stale_path_scan;frozen_hash_check;repo_root_semantics;dynamic_loader_semantics,"old research classification retained as evidence, not authority"
04_Testing/run_xauusd_portable_331_training_input_loader_integration.py,04_Testing/research/portable_331/train/run_xauusd_portable_331_training_input_loader_integration.py,REVIEW_REQUIRED,operation_or_research,research.portable_331.train,MEDIUM,0,,HISTORICAL_FROZEN,research.portable_331.train,04_Testing/research/portable_331/train/run_xauusd_portable_331_training_input_loader_integration.py,YES,YES,1,HIGH,NO,,ast_parse;py_compile;stale_path_scan;frozen_hash_check;repo_root_semantics;dynamic_loader_semantics,"old research classification retained as evidence, not authority"
04_Testing/scalping_setup_outcome_diagnostic.py,04_Testing/research/shadow_or_legacy/scalping_setup_outcome_diagnostic.py,REVIEW_REQUIRED,operation_or_research,research.shadow_or_legacy,MEDIUM,300,Core=300[300:dynamic-module:02_AI.Core.scalping_pipeline] | Dataset=300[300:dynamic-module:02_AI.Dataset.data_fetcher],HISTORICAL_OR_SHADOW,research.shadow_or_legacy,04_Testing/research/shadow_or_legacy/scalping_setup_outcome_diagnostic.py,YES,YES,,NONE,NO,,ast_parse;py_compile;stale_path_scan;frozen_hash_check;dynamic_loader_semantics,"old research classification retained as evidence, not authority"
04_Testing/shadow_bootstrap_compounding_operation.py,04_Testing/research/shadow_or_legacy/shadow_bootstrap_compounding_operation.py,REVIEW_REQUIRED,operation_or_research,research.shadow_or_legacy,MEDIUM,300,Dataset=300[300:dynamic-module:02_AI.Dataset.data_fetcher] | Shadow=300[300:dynamic-module:02_AI.Shadow.bootstrap_compounding_planner],HISTORICAL_OR_SHADOW,research.shadow_or_legacy,04_Testing/research/shadow_or_legacy/shadow_bootstrap_compounding_operation.py,YES,YES,1,HIGH,NO,,ast_parse;py_compile;stale_path_scan;frozen_hash_check;repo_root_semantics;dynamic_loader_semantics,"old research classification retained as evidence, not authority"
04_Testing/shadow_compounding_trade_lifecycle_operation.py,04_Testing/research/shadow_or_legacy/shadow_compounding_trade_lifecycle_operation.py,REVIEW_REQUIRED,operation_or_research,research.shadow_or_legacy,MEDIUM,900,Shadow=900[300:dynamic-module:02_AI.Shadow.bootstrap_compounding_planner;300:dynamic-module:02_AI.Shadow.compounding_account_state_adapter;300:dynamic-module:02_AI.Shadow.compounding_trade_state_machine] | Dataset=300[300:dynamic-module:02_AI.Dataset.data_fetcher],HISTORICAL_OR_SHADOW,research.shadow_or_legacy,04_Testing/research/shadow_or_legacy/shadow_compounding_trade_lifecycle_operation.py,YES,YES,1,HIGH,NO,,ast_parse;py_compile;stale_path_scan;frozen_hash_check;repo_root_semantics;dynamic_loader_semantics,"old research classification retained as evidence, not authority"
04_Testing/shadow_paper_operation.py,04_Testing/research/shadow_or_legacy/shadow_paper_operation.py,REVIEW_REQUIRED,operation_or_research,research.shadow_or_legacy,MEDIUM,600,Core=600[300:dynamic-module:02_AI.Core.market_regime;300:dynamic-module:02_AI.Core.scalping_pipeline] | Dataset=300[300:dynamic-module:02_AI.Dataset.data_fetcher] | Shadow=300[300:dynamic-module:02_AI.Shadow.paper_ledger],HISTORICAL_OR_SHADOW,research.shadow_or_legacy,04_Testing/research/shadow_or_legacy/shadow_paper_operation.py,YES,YES,1,HIGH,NO,,ast_parse;py_compile;stale_path_scan;frozen_hash_check;repo_root_semantics;dynamic_loader_semantics,"old research classification retained as evidence, not authority"
04_Testing/shadow_research_operation.py,04_Testing/research/shadow_or_legacy/shadow_research_operation.py,REVIEW_REQUIRED,operation_or_research,research.shadow_or_legacy,MEDIUM,1500,Shadow=1500[300:dynamic-module:02_AI.Shadow.paper_ledger;300:dynamic-module:02_AI.Shadow.research_candidate_episode;300:dynamic-module:02_AI.Shadow.research_candidate_ledger;300:dynamic-module:02_AI.Shadow.research_intelligence_pipeline;300:dynamic-module:02_AI.Shadow.research_telemetry] | Dataset=300[300:dynamic-module:02_AI.Dataset.data_fetcher],HISTORICAL_OR_SHADOW,research.shadow_or_legacy,04_Testing/research/shadow_or_legacy/shadow_research_operation.py,YES,YES,1,HIGH,NO,,ast_parse;py_compile;stale_path_scan;frozen_hash_check;repo_root_semantics;dynamic_loader_semantics,"old research classification retained as evidence, not authority"
04_Testing/shadow_weight_forward_operation.py,04_Testing/research/shadow_or_legacy/shadow_weight_forward_operation.py,REVIEW_REQUIRED,operation_or_research,research.shadow_or_legacy,MEDIUM,900,Shadow=900[300:dynamic-module:02_AI.Shadow.research_intelligence_pipeline;300:dynamic-module:02_AI.Shadow.research_opportunity_weight_engine;300:dynamic-module:02_AI.Shadow.research_weight_forward_ledger] | Dataset=300[300:dynamic-module:02_AI.Dataset.data_fetcher],HISTORICAL_OR_SHADOW,research.shadow_or_legacy,04_Testing/research/shadow_or_legacy/shadow_weight_forward_operation.py,YES,YES,1,HIGH,NO,,ast_parse;py_compile;stale_path_scan;frozen_hash_check;repo_root_semantics;dynamic_loader_semantics,"old research classification retained as evidence, not authority"
04_Testing/shadow_zone_context_forward_operation.py,04_Testing/research/shadow_or_legacy/shadow_zone_context_forward_operation.py,REVIEW_REQUIRED,operation_or_research,research.shadow_or_legacy,MEDIUM,600,Shadow=600[300:dynamic-module:02_AI.Shadow.research_intelligence_pipeline;300:dynamic-module:02_AI.Shadow.research_zone_context_forward_ledger] | Dataset=300[300:dynamic-module:02_AI.Dataset.data_fetcher],HISTORICAL_OR_SHADOW,research.shadow_or_legacy,04_Testing/research/shadow_or_legacy/shadow_zone_context_forward_operation.py,YES,YES,1,HIGH,NO,,ast_parse;py_compile;stale_path_scan;frozen_hash_check;repo_root_semantics;dynamic_loader_semantics,"old research classification retained as evidence, not authority"
04_Testing/swing_price_lattice_analysis.py,04_Testing/research/legacy_ml/swing_price_lattice_analysis.py,REVIEW_REQUIRED,operation_or_research,research.legacy_ml,MEDIUM,300,Core=300[300:dynamic-module:02_AI.Core.market_structure] | Dataset=300[300:dynamic-module:02_AI.Dataset.data_fetcher],HISTORICAL,research.legacy_ml,04_Testing/research/legacy_ml/swing_price_lattice_analysis.py,YES,YES,1,HIGH,NO,,ast_parse;py_compile;stale_path_scan;frozen_hash_check;repo_root_semantics;dynamic_loader_semantics,"old research classification retained as evidence, not authority"
04_Testing/test_account_protected_compounding_admission.py,04_Testing/ai/shadow/test_account_protected_compounding_admission.py,READY,pytest_test,Shadow,HIGH,630,Shadow=630[300:dynamic-module:02_AI.Shadow.account_protected_compounding_admission;300:dynamic-module:02_AI.Shadow.account_protection_guard;30:filename-heuristic] | Common=120[120:module-from:types],ACTIVE_REGRESSION,runtime.execution_risk,04_Testing/runtime/execution_risk/test_account_protected_compounding_admission.py,YES,NO,,NONE,NO,,ast_parse;py_compile;stale_path_scan;frozen_hash_check;focused_pytest;dynamic_loader_semantics,
04_Testing/test_account_protected_execution_lifecycle.py,04_Testing/ai/shadow/test_account_protected_execution_lifecycle.py,READY,pytest_test,Shadow,HIGH,3630,Shadow=3630[300:dynamic-module:02_AI.Shadow.account_protected_compounding_admission;300:dynamic-module:02_AI.Shadow.account_protected_execution_lifecycle;300:dynamic-module:02_AI.Shadow.account_protection_guard;300:dynamic-module:02_AI.Shadow.bootstrap_compounding_planner;300:dynamic-module:02_AI.Shadow.broker_aware_risk_engine;300:dynamic-module:02_AI.Shadow.compounding_account_state_adapter;300:dynamic-module:02_AI.Shadow.compounding_lifecycle_accounting;300:dynamic-module:02_AI.Shadow.compounding_pnl_ledger;300:dynamic-module:02_AI.Shadow.compounding_trade_state_machine;300:dynamic-module:02_AI.Shadow.execution_aware_compounding_admission;300:dynamic-module:02_AI.Shadow.execution_aware_lifecycle_gate;300:dynamic-module:02_AI.Shadow.execution_friction_model;30:filename-heuristic] | Common=120[120:module-from:types],ACTIVE_REGRESSION,runtime.execution_risk,04_Testing/runtime/execution_risk/test_account_protected_execution_lifecycle.py,YES,NO,,NONE,NO,,ast_parse;py_compile;stale_path_scan;frozen_hash_check;focused_pytest;dynamic_loader_semantics,
04_Testing/test_account_protection_guard.py,04_Testing/ai/shadow/test_account_protection_guard.py,READY,pytest_test,Shadow,HIGH,330,Shadow=330[300:dynamic-module:02_AI.Shadow.account_protection_guard;30:filename-heuristic],ACTIVE_REGRESSION,runtime.execution_risk,04_Testing/runtime/execution_risk/test_account_protection_guard.py,YES,NO,,NONE,NO,,ast_parse;py_compile;stale_path_scan;frozen_hash_check;focused_pytest;dynamic_loader_semantics,
04_Testing/test_backup.py,04_Testing/ai/database/test_backup.py,READY,pytest_test,Database,HIGH,330,Database=330[300:dynamic-module:02_AI.Database.backup;30:filename-heuristic],ACTIVE_REGRESSION,runtime.infrastructure,04_Testing/runtime/infrastructure/test_backup.py,YES,YES,1,HIGH,NO,,ast_parse;py_compile;stale_path_scan;frozen_hash_check;focused_pytest;repo_root_semantics;dynamic_loader_semantics,
04_Testing/test_bootstrap_compounding_planner.py,04_Testing/ai/shadow/test_bootstrap_compounding_planner.py,READY,pytest_test,Shadow,HIGH,330,Shadow=330[300:dynamic-module:02_AI.Shadow.bootstrap_compounding_planner;30:filename-heuristic],ACTIVE_REGRESSION,runtime.execution_risk,04_Testing/runtime/execution_risk/test_bootstrap_compounding_planner.py,YES,NO,,NONE,NO,,ast_parse;py_compile;stale_path_scan;frozen_hash_check;focused_pytest;dynamic_loader_semantics,
04_Testing/test_bos.py,04_Testing/ai/core/test_bos.py,READY,pytest_test,Core,HIGH,330,Core=330[300:dynamic-module:02_AI.Core.bos_engine;30:filename-heuristic],ACTIVE_REGRESSION,runtime.market_intelligence,04_Testing/runtime/market_intelligence/test_bos.py,YES,YES,,NONE,NO,,ast_parse;py_compile;stale_path_scan;frozen_hash_check;focused_pytest;dynamic_loader_semantics,
04_Testing/test_bos_memory.py,04_Testing/ai/memory/test_bos_memory.py,READY,pytest_test,Memory,HIGH,330,Memory=330[300:dynamic-module:02_AI.Memory.bos_memory;30:filename-heuristic],ACTIVE_REGRESSION,runtime.market_intelligence,04_Testing/runtime/market_intelligence/test_bos_memory.py,YES,YES,1,HIGH,NO,,ast_parse;py_compile;stale_path_scan;frozen_hash_check;focused_pytest;repo_root_semantics;dynamic_loader_semantics,
04_Testing/test_candle_features.py,04_Testing/integration/test_candle_features.py,REVIEW_REQUIRED,pytest_test,multi_domain,MEDIUM,330,Features=330[300:dynamic-module:02_AI.Features.candle_features;30:filename-heuristic] | Dataset=300[300:dynamic-module:02_AI.Dataset.data_fetcher],ACTIVE_REGRESSION,runtime.market_intelligence,04_Testing/runtime/market_intelligence/test_candle_features.py,YES,YES,1,HIGH,NO,,ast_parse;py_compile;stale_path_scan;frozen_hash_check;focused_pytest;repo_root_semantics;dynamic_loader_semantics,multiple strong source domains
04_Testing/test_candle_swing_intelligence.py,04_Testing/ai/core/test_candle_swing_intelligence.py,READY,pytest_test,Core,HIGH,330,Core=330[300:dynamic-module:02_AI.Core.candle_swing_intelligence;30:filename-heuristic],ACTIVE_REGRESSION,runtime.market_intelligence,04_Testing/runtime/market_intelligence/test_candle_swing_intelligence.py,YES,NO,,NONE,YES,.github/workflows/ci.yml,ast_parse;py_compile;stale_path_scan;frozen_hash_check;focused_pytest;ci_path_update;documentation_update;dynamic_loader_semantics,
04_Testing/test_canonical_history_pipeline.py,04_Testing/ai/dataset/test_canonical_history_pipeline.py,READY,pytest_test,Dataset,HIGH,600,Dataset=600[300:dynamic-module:02_AI.Dataset.export_dataset;300:dynamic-module:02_AI.Dataset.history_manager] | Common=300[300:dynamic-module:02_AI.Common.instrument_context],ACTIVE_REGRESSION,runtime.infrastructure,04_Testing/runtime/infrastructure/test_canonical_history_pipeline.py,YES,NO,,NONE,NO,,ast_parse;py_compile;stale_path_scan;frozen_hash_check;focused_pytest;dynamic_loader_semantics,
04_Testing/test_compounding_account_state_adapter.py,04_Testing/ai/shadow/test_compounding_account_state_adapter.py,READY,pytest_test,Shadow,HIGH,630,Shadow=630[300:dynamic-module:02_AI.Shadow.bootstrap_compounding_planner;300:dynamic-module:02_AI.Shadow.compounding_account_state_adapter;30:filename-heuristic],ACTIVE_REGRESSION,runtime.execution_risk,04_Testing/runtime/execution_risk/test_compounding_account_state_adapter.py,YES,NO,,NONE,NO,,ast_parse;py_compile;stale_path_scan;frozen_hash_check;focused_pytest;dynamic_loader_semantics,
04_Testing/test_compounding_lifecycle_accounting.py,04_Testing/ai/shadow/test_compounding_lifecycle_accounting.py,READY,pytest_test,Shadow,HIGH,1530,Shadow=1530[300:dynamic-module:02_AI.Shadow.bootstrap_compounding_planner;300:dynamic-module:02_AI.Shadow.compounding_account_state_adapter;300:dynamic-module:02_AI.Shadow.compounding_lifecycle_accounting;300:dynamic-module:02_AI.Shadow.compounding_pnl_ledger;300:dynamic-module:02_AI.Shadow.compounding_trade_state_machine;30:filename-heuristic],ACTIVE_REGRESSION,runtime.execution_risk,04_Testing/runtime/execution_risk/test_compounding_lifecycle_accounting.py,YES,NO,,NONE,NO,,ast_parse;py_compile;stale_path_scan;frozen_hash_check;focused_pytest;dynamic_loader_semantics,
04_Testing/test_compounding_pnl_ledger.py,04_Testing/ai/shadow/test_compounding_pnl_ledger.py,READY,pytest_test,Shadow,HIGH,330,Shadow=330[300:dynamic-module:02_AI.Shadow.compounding_pnl_ledger;30:filename-heuristic],ACTIVE_REGRESSION,runtime.execution_risk,04_Testing/runtime/execution_risk/test_compounding_pnl_ledger.py,YES,NO,,NONE,NO,,ast_parse;py_compile;stale_path_scan;frozen_hash_check;focused_pytest;dynamic_loader_semantics,
04_Testing/test_compounding_risk_watermark.py,04_Testing/ai/shadow/test_compounding_risk_watermark.py,READY,pytest_test,Shadow,HIGH,900,Shadow=900[300:dynamic-module:02_AI.Shadow.bootstrap_compounding_planner;300:dynamic-module:02_AI.Shadow.compounding_account_state_adapter;300:dynamic-module:02_AI.Shadow.compounding_trade_state_machine],ACTIVE_REGRESSION,runtime.execution_risk,04_Testing/runtime/execution_risk/test_compounding_risk_watermark.py,YES,NO,,NONE,NO,,ast_parse;py_compile;stale_path_scan;frozen_hash_check;focused_pytest;dynamic_loader_semantics,
04_Testing/test_compounding_trade_state_machine.py,04_Testing/ai/shadow/test_compounding_trade_state_machine.py,READY,pytest_test,Shadow,HIGH,930,Shadow=930[300:dynamic-module:02_AI.Shadow.bootstrap_compounding_planner;300:dynamic-module:02_AI.Shadow.compounding_account_state_adapter;300:dynamic-module:02_AI.Shadow.compounding_trade_state_machine;30:filename-heuristic],ACTIVE_REGRESSION,runtime.execution_risk,04_Testing/runtime/execution_risk/test_compounding_trade_state_machine.py,YES,NO,,NONE,NO,,ast_parse;py_compile;stale_path_scan;frozen_hash_check;focused_pytest;dynamic_loader_semantics,
04_Testing/test_confidence.py,04_Testing/ai/core/test_confidence.py,READY,pytest_test,Core,HIGH,930,Core=930[300:dynamic-module:02_AI.Core.confidence_engine;30:filename-heuristic],HISTORICAL_OR_SHADOW,research.shadow_or_legacy,04_Testing/research/shadow_or_legacy/test_confidence.py,YES,NO,,NONE,NO,,ast_parse;py_compile;stale_path_scan;frozen_hash_check;focused_pytest;dynamic_loader_semantics,
04_Testing/test_confidence_integration.py,04_Testing/ai/core/test_confidence_integration.py,READY,pytest_test,Core,HIGH,1500,Core=1500[300:dynamic-module:02_AI.Core.confidence_engine;300:dynamic-module:02_AI.Core.fvg_engine;300:dynamic-module:02_AI.Core.fvg_mitigation_engine;300:dynamic-module:02_AI.Core.fvg_quality_engine],HISTORICAL_OR_SHADOW,research.shadow_or_legacy,04_Testing/research/shadow_or_legacy/test_confidence_integration.py,YES,NO,,NONE,NO,,ast_parse;py_compile;stale_path_scan;frozen_hash_check;focused_pytest;dynamic_loader_semantics,
04_Testing/test_confidence_pipeline.py,04_Testing/ai/core/test_confidence_pipeline.py,READY,pytest_test,Core,HIGH,3000,Core=3000[300:dynamic-module:02_AI.Core.bos_engine;300:dynamic-module:02_AI.Core.confidence_engine;300:dynamic-module:02_AI.Core.displacement_engine;300:dynamic-module:02_AI.Core.fvg_engine;300:dynamic-module:02_AI.Core.fvg_mitigation_engine;300:dynamic-module:02_AI.Core.fvg_quality_engine;300:dynamic-module:02_AI.Core.liquidity_engine;300:dynamic-module:02_AI.Core.liquidity_sweep_engine;300:dynamic-module:02_AI.Core.market_structure] | Dataset=300[300:dynamic-module:02_AI.Dataset.data_fetcher],HISTORICAL_OR_SHADOW,research.shadow_or_legacy,04_Testing/research/shadow_or_legacy/test_confidence_pipeline.py,YES,NO,,NONE,NO,,ast_parse;py_compile;stale_path_scan;frozen_hash_check;focused_pytest;dynamic_loader_semantics,
04_Testing/test_confidence_temporal.py,04_Testing/ai/core/test_confidence_temporal.py,READY,pytest_test,Core,HIGH,300,Core=300[300:dynamic-module:02_AI.Core.confidence_engine],HISTORICAL_OR_SHADOW,research.shadow_or_legacy,04_Testing/research/shadow_or_legacy/test_confidence_temporal.py,YES,NO,,NONE,NO,,ast_parse;py_compile;stale_path_scan;frozen_hash_check;focused_pytest;dynamic_loader_semantics,
04_Testing/test_config.py,04_Testing/ai/config/test_config.py,READY,pytest_test,Config,HIGH,550,"Config=550[250:source-domain-path:Automated unit tests for 02_AI/Config/settings.py
Path: 04_Testing/test_config.py;300:dynamic-module:02_AI.Config.settings]",ACTIVE_REGRESSION,runtime.infrastructure,04_Testing/runtime/infrastructure/test_config.py,YES,YES,1,HIGH,NO,,ast_parse;py_compile;stale_path_scan;frozen_hash_check;focused_pytest;repo_root_semantics;dynamic_loader_semantics,
04_Testing/test_database.py,04_Testing/ai/database/test_database.py,READY,pytest_test,Database,HIGH,510,Database=510[120:domain-from:Database.database;120:module-from:Database.database;30:filename-heuristic],ACTIVE_REGRESSION,runtime.infrastructure,04_Testing/runtime/infrastructure/test_database.py,NO,YES,1,HIGH,NO,,ast_parse;py_compile;stale_path_scan;frozen_hash_check;focused_pytest;repo_root_semantics,
04_Testing/test_design_xauusd_portable_331_one_time_test_protocol.py,04_Testing/test_design_xauusd_portable_331_one_time_test_protocol.py,FROZEN_STAY,pytest_test,frozen_compatibility,FROZEN,0,,FROZEN_HOLDOUT,research.portable_331.holdout,04_Testing/test_design_xauusd_portable_331_one_time_test_protocol.py,YES,NO,,NONE,NO,,ast_parse;py_compile;stale_path_scan;frozen_hash_check;focused_pytest;dynamic_loader_semantics,
04_Testing/test_design_xauusd_portable_331_one_time_validation_protocol.py,04_Testing/test_design_xauusd_portable_331_one_time_validation_protocol.py,FROZEN_STAY,pytest_test,frozen_compatibility,FROZEN,0,,FROZEN_HOLDOUT,research.portable_331.holdout,04_Testing/test_design_xauusd_portable_331_one_time_validation_protocol.py,YES,NO,,NONE,NO,,ast_parse;py_compile;stale_path_scan;frozen_hash_check;focused_pytest;dynamic_loader_semantics,
04_Testing/test_displacement.py,04_Testing/integration/test_displacement.py,REVIEW_REQUIRED,pytest_test,multi_domain,MEDIUM,330,Core=330[300:dynamic-module:02_AI.Core.displacement_engine;30:filename-heuristic] | Dataset=300[300:dynamic-module:02_AI.Dataset.data_fetcher],ACTIVE_REGRESSION,runtime.market_intelligence,04_Testing/runtime/market_intelligence/test_displacement.py,YES,YES,1,HIGH,NO,,ast_parse;py_compile;stale_path_scan;frozen_hash_check;focused_pytest;repo_root_semantics;dynamic_loader_semantics,multiple strong source domains
04_Testing/test_enums.py,04_Testing/ai/common/test_enums.py,READY,pytest_test,Common,HIGH,330,Common=330[300:dynamic-module:02_AI.Common.enums;30:filename-heuristic],ACTIVE_REGRESSION,runtime.infrastructure,04_Testing/runtime/infrastructure/test_enums.py,YES,YES,1,HIGH,NO,,ast_parse;py_compile;stale_path_scan;frozen_hash_check;focused_pytest;repo_root_semantics;dynamic_loader_semantics,
04_Testing/test_evaluate_xauusd_portable_331_train_model_candidates.py,04_Testing/test_evaluate_xauusd_portable_331_train_model_candidates.py,REVIEW_REQUIRED,pytest_test,unresolved,LOW,0,,HISTORICAL_FROZEN,research.portable_331.train,04_Testing/research/portable_331/train/test_evaluate_xauusd_portable_331_train_model_candidates.py,YES,NO,1,HIGH,NO,,ast_parse;py_compile;stale_path_scan;frozen_hash_check;focused_pytest;repo_root_semantics;dynamic_loader_semantics,
04_Testing/test_execution_aware_compounding_admission.py,04_Testing/ai/shadow/test_execution_aware_compounding_admission.py,READY,pytest_test,Shadow,HIGH,1530,Shadow=1530[300:dynamic-module:02_AI.Shadow.bootstrap_compounding_planner;300:dynamic-module:02_AI.Shadow.broker_aware_risk_engine;300:dynamic-module:02_AI.Shadow.compounding_account_state_adapter;300:dynamic-module:02_AI.Shadow.execution_aware_compounding_admission;300:dynamic-module:02_AI.Shadow.execution_friction_model;30:filename-heuristic],ACTIVE_REGRESSION,runtime.execution_risk,04_Testing/runtime/execution_risk/test_execution_aware_compounding_admission.py,YES,NO,,NONE,NO,,ast_parse;py_compile;stale_path_scan;frozen_hash_check;focused_pytest;dynamic_loader_semantics,
04_Testing/test_execution_aware_lifecycle_gate.py,04_Testing/ai/shadow/test_execution_aware_lifecycle_gate.py,READY,pytest_test,Shadow,HIGH,2130,Shadow=2130[300:dynamic-module:02_AI.Shadow.bootstrap_compounding_planner;300:dynamic-module:02_AI.Shadow.compounding_account_state_adapter;300:dynamic-module:02_AI.Shadow.compounding_lifecycle_accounting;300:dynamic-module:02_AI.Shadow.compounding_pnl_ledger;300:dynamic-module:02_AI.Shadow.compounding_trade_state_machine;300:dynamic-module:02_AI.Shadow.execution_aware_compounding_admission;300:dynamic-module:02_AI.Shadow.execution_aware_lifecycle_gate;30:filename-heuristic] | Common=120[120:module-from:types],ACTIVE_REGRESSION,runtime.execution_risk,04_Testing/runtime/execution_risk/test_execution_aware_lifecycle_gate.py,YES,NO,,NONE,NO,,ast_parse;py_compile;stale_path_scan;frozen_hash_check;focused_pytest;dynamic_loader_semantics,
04_Testing/test_execution_friction_model.py,04_Testing/ai/shadow/test_execution_friction_model.py,READY,pytest_test,Shadow,HIGH,330,Shadow=330[300:dynamic-module:02_AI.Shadow.execution_friction_model;30:filename-heuristic],ACTIVE_REGRESSION,runtime.execution_risk,04_Testing/runtime/execution_risk/test_execution_friction_model.py,YES,NO,,NONE,NO,,ast_parse;py_compile;stale_path_scan;frozen_hash_check;focused_pytest;dynamic_loader_semantics,
04_Testing/test_exness_demo_xauusd_attestation_launcher.py,04_Testing/test_exness_demo_xauusd_attestation_launcher.py,REVIEW_REQUIRED,pytest_test,unresolved,LOW,0,,ACTIVE_REGRESSION,runtime.misc,04_Testing/runtime/misc/test_exness_demo_xauusd_attestation_launcher.py,NO,YES,,NONE,NO,,ast_parse;py_compile;stale_path_scan;frozen_hash_check;focused_pytest,
04_Testing/test_exness_demo_xauusd_context_attestation_operation.py,04_Testing/ai/common/test_exness_demo_xauusd_context_attestation_operation.py,REVIEW_REQUIRED,pytest_test,Common,MEDIUM,120,Common=120[120:module-from:types],ACTIVE_REGRESSION,runtime.misc,04_Testing/runtime/misc/test_exness_demo_xauusd_context_attestation_operation.py,YES,NO,,NONE,NO,,ast_parse;py_compile;stale_path_scan;frozen_hash_check;focused_pytest;dynamic_loader_semantics,
04_Testing/test_exness_demo_xauusd_resolver_readiness.py,04_Testing/ai/common/test_exness_demo_xauusd_resolver_readiness.py,REVIEW_REQUIRED,pytest_test,Common,MEDIUM,120,Common=120[120:module-from:types],ACTIVE_REGRESSION,runtime.misc,04_Testing/runtime/misc/test_exness_demo_xauusd_resolver_readiness.py,YES,NO,,NONE,NO,,ast_parse;py_compile;stale_path_scan;frozen_hash_check;focused_pytest;dynamic_loader_semantics,
04_Testing/test_exness_historical_fill_telemetry_direct_script.py,04_Testing/test_exness_historical_fill_telemetry_direct_script.py,REVIEW_REQUIRED,pytest_test,unresolved,LOW,0,,ACTIVE_REGRESSION,runtime.execution_risk,04_Testing/runtime/execution_risk/test_exness_historical_fill_telemetry_direct_script.py,NO,NO,,NONE,NO,,ast_parse;py_compile;stale_path_scan;frozen_hash_check;focused_pytest,
04_Testing/test_exness_historical_fill_telemetry_operation.py,04_Testing/test_exness_historical_fill_telemetry_operation.py,REVIEW_REQUIRED,pytest_test,unresolved,LOW,0,,ACTIVE_REGRESSION,runtime.execution_risk,04_Testing/runtime/execution_risk/test_exness_historical_fill_telemetry_operation.py,YES,NO,,NONE,NO,,ast_parse;py_compile;stale_path_scan;frozen_hash_check;focused_pytest;dynamic_loader_semantics,
04_Testing/test_exporter.py,04_Testing/ai/dataset/test_exporter.py,READY,pytest_test,Dataset,HIGH,600,Dataset=600[300:dynamic-module:02_AI.Dataset.data_fetcher;300:dynamic-module:02_AI.Dataset.export_dataset],ACTIVE_REGRESSION,runtime.infrastructure,04_Testing/runtime/infrastructure/test_exporter.py,YES,YES,1,HIGH,NO,,ast_parse;py_compile;stale_path_scan;frozen_hash_check;focused_pytest;repo_root_semantics;dynamic_loader_semantics,
04_Testing/test_feature_generator.py,04_Testing/integration/test_feature_generator.py,REVIEW_REQUIRED,pytest_test,multi_domain,MEDIUM,330,Features=330[300:dynamic-module:02_AI.Features.feature_generator;30:filename-heuristic] | Dataset=300[300:dynamic-module:02_AI.Dataset.data_fetcher],ACTIVE_REGRESSION,runtime.infrastructure,04_Testing/runtime/infrastructure/test_feature_generator.py,YES,YES,1,HIGH,NO,,ast_parse;py_compile;stale_path_scan;frozen_hash_check;focused_pytest;repo_root_semantics;dynamic_loader_semantics,multiple strong source domains
04_Testing/test_feature_list.py,04_Testing/ai/features/test_feature_list.py,READY,pytest_test,Features,HIGH,330,Features=330[300:dynamic-module:02_AI.Features.feature_list;30:filename-heuristic],ACTIVE_REGRESSION,runtime.infrastructure,04_Testing/runtime/infrastructure/test_feature_list.py,YES,YES,1,HIGH,NO,,ast_parse;py_compile;stale_path_scan;frozen_hash_check;focused_pytest;repo_root_semantics;dynamic_loader_semantics,
04_Testing/test_fetcher.py,04_Testing/ai/dataset/test_fetcher.py,READY,pytest_test,Dataset,HIGH,300,Dataset=300[300:dynamic-module:02_AI.Dataset.data_fetcher],ACTIVE_REGRESSION,runtime.infrastructure,04_Testing/runtime/infrastructure/test_fetcher.py,YES,YES,1,HIGH,NO,,ast_parse;py_compile;stale_path_scan;frozen_hash_check;focused_pytest;repo_root_semantics;dynamic_loader_semantics,
04_Testing/test_fit_xauusd_portable_331_c04_full_train_model.py,04_Testing/test_fit_xauusd_portable_331_c04_full_train_model.py,REVIEW_REQUIRED,pytest_test,unresolved,LOW,0,,HISTORICAL_FROZEN,research.portable_331.train,04_Testing/research/portable_331/train/test_fit_xauusd_portable_331_c04_full_train_model.py,YES,NO,,NONE,NO,,ast_parse;py_compile;stale_path_scan;frozen_hash_check;focused_pytest;dynamic_loader_semantics,
04_Testing/test_forward_demo_execution_evidence_journal.py,04_Testing/ai/shadow/test_forward_demo_execution_evidence_journal.py,READY,pytest_test,Shadow,HIGH,630,Shadow=630[300:dynamic-module:02_AI.Shadow.forward_demo_execution_evidence_journal;300:dynamic-module:02_AI.Shadow.forward_execution_evidence_capture;30:filename-heuristic],ACTIVE_REGRESSION,runtime.execution_risk,04_Testing/runtime/execution_risk/test_forward_demo_execution_evidence_journal.py,YES,NO,,NONE,NO,,ast_parse;py_compile;stale_path_scan;frozen_hash_check;focused_pytest;dynamic_loader_semantics,
04_Testing/test_forward_demo_journal_realized_fill_bridge_integration.py,04_Testing/ai/shadow/test_forward_demo_journal_realized_fill_bridge_integration.py,READY,pytest_test,Shadow,HIGH,900,Shadow=900[300:dynamic-module:02_AI.Shadow.execution_friction_model;300:dynamic-module:02_AI.Shadow.forward_demo_execution_evidence_journal;300:dynamic-module:02_AI.Shadow.realized_fill_telemetry_bridge] | Common=120[120:module-from:types],ACTIVE_REGRESSION,runtime.execution_risk,04_Testing/runtime/execution_risk/test_forward_demo_journal_realized_fill_bridge_integration.py,YES,NO,,NONE,NO,,ast_parse;py_compile;stale_path_scan;frozen_hash_check;focused_pytest;dynamic_loader_semantics,
04_Testing/test_forward_execution_evidence_capture.py,04_Testing/ai/shadow/test_forward_execution_evidence_capture.py,READY,pytest_test,Shadow,HIGH,630,Shadow=630[300:dynamic-module:02_AI.Shadow.forward_execution_evidence_capture;300:dynamic-module:02_AI.Shadow.realized_fill_telemetry_bridge;30:filename-heuristic] | Common=120[120:module-from:types],ACTIVE_REGRESSION,runtime.execution_risk,04_Testing/runtime/execution_risk/test_forward_execution_evidence_capture.py,YES,NO,,NONE,NO,,ast_parse;py_compile;stale_path_scan;frozen_hash_check;focused_pytest;dynamic_loader_semantics,
04_Testing/test_freeze_xauusd_portable_331_one_time_validation_result.py,04_Testing/test_freeze_xauusd_portable_331_one_time_validation_result.py,FROZEN_STAY,pytest_test,frozen_compatibility,FROZEN,0,,FROZEN_HOLDOUT,research.portable_331.holdout,04_Testing/test_freeze_xauusd_portable_331_one_time_validation_result.py,YES,NO,,NONE,NO,,ast_parse;py_compile;stale_path_scan;frozen_hash_check;focused_pytest;dynamic_loader_semantics,
04_Testing/test_freeze_xauusd_portable_331_train_internal_winner.py,04_Testing/test_freeze_xauusd_portable_331_train_internal_winner.py,REVIEW_REQUIRED,pytest_test,unresolved,LOW,0,,HISTORICAL_FROZEN,research.portable_331.train,04_Testing/research/portable_331/train/test_freeze_xauusd_portable_331_train_internal_winner.py,YES,NO,,NONE,NO,,ast_parse;py_compile;stale_path_scan;frozen_hash_check;focused_pytest;dynamic_loader_semantics,
04_Testing/test_fvg.py,04_Testing/ai/core/test_fvg.py,READY,pytest_test,Core,HIGH,330,Core=330[300:dynamic-module:02_AI.Core.fvg_engine;30:filename-heuristic],ACTIVE_REGRESSION,runtime.market_intelligence,04_Testing/runtime/market_intelligence/test_fvg.py,YES,YES,1,HIGH,NO,,ast_parse;py_compile;stale_path_scan;frozen_hash_check;focused_pytest;repo_root_semantics;dynamic_loader_semantics,
04_Testing/test_fvg_mitigation.py,04_Testing/ai/core/test_fvg_mitigation.py,READY,pytest_test,Core,HIGH,330,Core=330[300:dynamic-module:02_AI.Core.fvg_mitigation_engine;30:filename-heuristic],ACTIVE_REGRESSION,runtime.market_intelligence,04_Testing/runtime/market_intelligence/test_fvg_mitigation.py,YES,NO,,NONE,NO,,ast_parse;py_compile;stale_path_scan;frozen_hash_check;focused_pytest;dynamic_loader_semantics,
04_Testing/test_fvg_quality.py,04_Testing/ai/core/test_fvg_quality.py,READY,pytest_test,Core,HIGH,210,Core=210[180:module-string:fvg_quality_engine;30:filename-heuristic],ACTIVE_REGRESSION,runtime.market_intelligence,04_Testing/runtime/market_intelligence/test_fvg_quality.py,YES,NO,,NONE,NO,,ast_parse;py_compile;stale_path_scan;frozen_hash_check;focused_pytest;dynamic_loader_semantics,
04_Testing/test_history_cleaner.py,04_Testing/ai/dataset/test_history_cleaner.py,READY,pytest_test,Dataset,HIGH,630,Dataset=630[300:dynamic-module:02_AI.Dataset.data_fetcher;300:dynamic-module:02_AI.Dataset.history_cleaner;30:filename-heuristic],ACTIVE_REGRESSION,runtime.infrastructure,04_Testing/runtime/infrastructure/test_history_cleaner.py,YES,YES,1,HIGH,NO,,ast_parse;py_compile;stale_path_scan;frozen_hash_check;focused_pytest;repo_root_semantics;dynamic_loader_semantics,
04_Testing/test_history_downloader.py,04_Testing/ai/dataset/test_history_downloader.py,READY,pytest_test,Dataset,HIGH,330,Dataset=330[300:dynamic-module:02_AI.Dataset.history_downloader;30:filename-heuristic],ACTIVE_REGRESSION,runtime.infrastructure,04_Testing/runtime/infrastructure/test_history_downloader.py,YES,YES,1,HIGH,NO,,ast_parse;py_compile;stale_path_scan;frozen_hash_check;focused_pytest;repo_root_semantics;dynamic_loader_semantics,
04_Testing/test_history_manager.py,04_Testing/ai/dataset/test_history_manager.py,READY,pytest_test,Dataset,HIGH,330,Dataset=330[300:dynamic-module:02_AI.Dataset.history_manager;30:filename-heuristic],ACTIVE_REGRESSION,runtime.infrastructure,04_Testing/runtime/infrastructure/test_history_manager.py,YES,YES,1,HIGH,NO,,ast_parse;py_compile;stale_path_scan;frozen_hash_check;focused_pytest;repo_root_semantics;dynamic_loader_semantics,
04_Testing/test_history_validator.py,04_Testing/ai/dataset/test_history_validator.py,READY,pytest_test,Dataset,HIGH,630,Dataset=630[300:dynamic-module:02_AI.Dataset.data_fetcher;300:dynamic-module:02_AI.Dataset.history_validator;30:filename-heuristic],ACTIVE_REGRESSION,runtime.infrastructure,04_Testing/runtime/infrastructure/test_history_validator.py,YES,YES,1,HIGH,NO,,ast_parse;py_compile;stale_path_scan;frozen_hash_check;focused_pytest;repo_root_semantics;dynamic_loader_semantics,
04_Testing/test_institutional_zone_context.py,04_Testing/ai/shadow/test_institutional_zone_context.py,READY,pytest_test,Shadow,HIGH,330,Shadow=330[300:dynamic-module:02_AI.Shadow.institutional_zone_context;30:filename-heuristic],ACTIVE_REGRESSION,runtime.market_intelligence,04_Testing/runtime/market_intelligence/test_institutional_zone_context.py,YES,NO,,NONE,YES,.github/workflows/ci.yml,ast_parse;py_compile;stale_path_scan;frozen_hash_check;focused_pytest;ci_path_update;documentation_update;dynamic_loader_semantics,
04_Testing/test_institutional_zone_lifecycle.py,04_Testing/ai/shadow/test_institutional_zone_lifecycle.py,READY,pytest_test,Shadow,HIGH,330,Shadow=330[300:dynamic-module:02_AI.Shadow.institutional_zone_lifecycle;30:filename-heuristic],ACTIVE_REGRESSION,runtime.market_intelligence,04_Testing/runtime/market_intelligence/test_institutional_zone_lifecycle.py,YES,NO,,NONE,YES,.github/workflows/ci.yml,ast_parse;py_compile;stale_path_scan;frozen_hash_check;focused_pytest;ci_path_update;documentation_update;dynamic_loader_semantics,
04_Testing/test_institutional_zones.py,04_Testing/ai/core/test_institutional_zones.py,READY,pytest_test,Core,HIGH,210,Core=210[180:module-string:institutional_zones;30:filename-heuristic],ACTIVE_REGRESSION,runtime.market_intelligence,04_Testing/runtime/market_intelligence/test_institutional_zones.py,YES,NO,,NONE,NO,,ast_parse;py_compile;stale_path_scan;frozen_hash_check;focused_pytest;dynamic_loader_semantics,
04_Testing/test_institutional_zones_causal.py,04_Testing/ai/core/test_institutional_zones_causal.py,READY,pytest_test,Core,HIGH,300,Core=300[300:dynamic-module:02_AI.Core.institutional_zones],ACTIVE_REGRESSION,runtime.market_intelligence,04_Testing/runtime/market_intelligence/test_institutional_zones_causal.py,YES,NO,,NONE,YES,.github/workflows/ci.yml,ast_parse;py_compile;stale_path_scan;frozen_hash_check;focused_pytest;ci_path_update;documentation_update;dynamic_loader_semantics,
04_Testing/test_instrument_context.py,04_Testing/ai/common/test_instrument_context.py,READY,pytest_test,Common,HIGH,330,Common=330[300:dynamic-module:02_AI.Common.instrument_context;30:filename-heuristic],ACTIVE_REGRESSION,runtime.execution_risk,04_Testing/runtime/execution_risk/test_instrument_context.py,YES,NO,,NONE,NO,,ast_parse;py_compile;stale_path_scan;frozen_hash_check;focused_pytest;dynamic_loader_semantics,
04_Testing/test_instrument_frame_guard.py,04_Testing/integration/test_instrument_frame_guard.py,REVIEW_REQUIRED,pytest_test,multi_domain,MEDIUM,330,Dataset=330[300:dynamic-module:02_AI.Dataset.instrument_frame_guard;30:filename-heuristic] | Common=300[300:dynamic-module:02_AI.Common.instrument_context],ACTIVE_REGRESSION,runtime.misc,04_Testing/runtime/misc/test_instrument_frame_guard.py,YES,NO,,NONE,NO,,ast_parse;py_compile;stale_path_scan;frozen_hash_check;focused_pytest;dynamic_loader_semantics,multiple strong source domains
04_Testing/test_level_entry_intelligence.py,04_Testing/ai/core/test_level_entry_intelligence.py,READY,pytest_test,Core,HIGH,330,Core=330[300:dynamic-module:02_AI.Core.level_entry_intelligence;30:filename-heuristic],ACTIVE_REGRESSION,runtime.market_intelligence,04_Testing/runtime/market_intelligence/test_level_entry_intelligence.py,YES,NO,,NONE,YES,.github/workflows/ci.yml,ast_parse;py_compile;stale_path_scan;frozen_hash_check;focused_pytest;ci_path_update;documentation_update;dynamic_loader_semantics,
04_Testing/test_liquidity.py,04_Testing/integration/test_liquidity.py,REVIEW_REQUIRED,pytest_test,multi_domain,MEDIUM,300,Core=300[300:dynamic-module:02_AI.Core.liquidity_engine] | Dataset=300[300:dynamic-module:02_AI.Dataset.data_fetcher],ACTIVE_REGRESSION,runtime.market_intelligence,04_Testing/runtime/market_intelligence/test_liquidity.py,YES,YES,1,HIGH,NO,,ast_parse;py_compile;stale_path_scan;frozen_hash_check;focused_pytest;repo_root_semantics;dynamic_loader_semantics,multiple strong source domains
04_Testing/test_liquidity_lifecycle.py,04_Testing/ai/core/test_liquidity_lifecycle.py,READY,pytest_test,Core,HIGH,330,Core=330[300:dynamic-module:02_AI.Core.liquidity_lifecycle;30:filename-heuristic],ACTIVE_REGRESSION,runtime.market_intelligence,04_Testing/runtime/market_intelligence/test_liquidity_lifecycle.py,YES,NO,,NONE,YES,.github/workflows/ci.yml,ast_parse;py_compile;stale_path_scan;frozen_hash_check;focused_pytest;ci_path_update;documentation_update;dynamic_loader_semantics,
04_Testing/test_liquidity_memory.py,04_Testing/integration/test_liquidity_memory.py,REVIEW_REQUIRED,pytest_test,multi_domain,MEDIUM,330,Memory=330[300:dynamic-module:02_AI.Memory.liquidity_memory;30:filename-heuristic] | Common=300[300:dynamic-module:02_AI.Common.enums] | Objects=300[300:dynamic-module:02_AI.Objects.liquidity],ACTIVE_REGRESSION,runtime.market_intelligence,04_Testing/runtime/market_intelligence/test_liquidity_memory.py,YES,YES,1,HIGH,NO,,ast_parse;py_compile;stale_path_scan;frozen_hash_check;focused_pytest;repo_root_semantics;dynamic_loader_semantics,multiple strong source domains
04_Testing/test_liquidity_object.py,04_Testing/integration/test_liquidity_object.py,REVIEW_REQUIRED,pytest_test,multi_domain,MEDIUM,300,Common=300[300:dynamic-module:02_AI.Common.enums] | Objects=300[300:dynamic-module:02_AI.Objects.liquidity],ACTIVE_REGRESSION,runtime.market_intelligence,04_Testing/runtime/market_intelligence/test_liquidity_object.py,YES,YES,1,HIGH,NO,,ast_parse;py_compile;stale_path_scan;frozen_hash_check;focused_pytest;repo_root_semantics;dynamic_loader_semantics,multiple strong source domains
04_Testing/test_liquidity_structure_intelligence.py,04_Testing/ai/core/test_liquidity_structure_intelligence.py,READY,pytest_test,Core,HIGH,330,Core=330[300:dynamic-module:02_AI.Core.liquidity_structure_intelligence;30:filename-heuristic],ACTIVE_REGRESSION,runtime.market_intelligence,04_Testing/runtime/market_intelligence/test_liquidity_structure_intelligence.py,YES,NO,,NONE,YES,.github/workflows/ci.yml,ast_parse;py_compile;stale_path_scan;frozen_hash_check;focused_pytest;ci_path_update;documentation_update;dynamic_loader_semantics,
04_Testing/test_liquidity_sweep.py,04_Testing/integration/test_liquidity_sweep.py,REVIEW_REQUIRED,pytest_test,multi_domain,MEDIUM,630,Core=630[300:dynamic-module:02_AI.Core.liquidity_engine;300:dynamic-module:02_AI.Core.liquidity_sweep_engine;30:filename-heuristic] | Common=600[300:dynamic-module:02_AI.Common.enums;300:dynamic-module:02_AI.Common.types] | Dataset=300[300:dynamic-module:02_AI.Dataset.data_fetcher] | Memory=300[300:dynamic-module:02_AI.Memory.liquidity_memory],ACTIVE_REGRESSION,runtime.market_intelligence,04_Testing/runtime/market_intelligence/test_liquidity_sweep.py,YES,YES,,NONE,NO,,ast_parse;py_compile;stale_path_scan;frozen_hash_check;focused_pytest;dynamic_loader_semantics,multiple strong source domains
04_Testing/test_liquidity_sweep_validator.py,04_Testing/ai/core/test_liquidity_sweep_validator.py,READY,pytest_test,Core,HIGH,1230,Core=1230[300:dynamic-module:02_AI.Core.displacement_engine;300:dynamic-module:02_AI.Core.liquidity_engine;300:dynamic-module:02_AI.Core.liquidity_sweep_engine;300:dynamic-module:02_AI.Core.liquidity_sweep_validator;30:filename-heuristic] | Dataset=300[300:dynamic-module:02_AI.Dataset.data_fetcher],ACTIVE_REGRESSION,runtime.market_intelligence,04_Testing/runtime/market_intelligence/test_liquidity_sweep_validator.py,YES,YES,1,HIGH,NO,,ast_parse;py_compile;stale_path_scan;frozen_hash_check;focused_pytest;repo_root_semantics;dynamic_loader_semantics,
04_Testing/test_market_context_liquidity.py,04_Testing/ai/core/test_market_context_liquidity.py,READY,pytest_test,Core,HIGH,330,Core=330[300:dynamic-module:02_AI.Core.market_context_liquidity;30:filename-heuristic],ACTIVE_REGRESSION,runtime.market_intelligence,04_Testing/runtime/market_intelligence/test_market_context_liquidity.py,YES,NO,,NONE,YES,.github/workflows/ci.yml,ast_parse;py_compile;stale_path_scan;frozen_hash_check;focused_pytest;ci_path_update;documentation_update;dynamic_loader_semantics,
04_Testing/test_market_decision_clarity.py,04_Testing/ai/core/test_market_decision_clarity.py,READY,pytest_test,Core,HIGH,330,Core=330[300:dynamic-module:02_AI.Core.market_decision_clarity;30:filename-heuristic],ACTIVE_REGRESSION,runtime.market_intelligence,04_Testing/runtime/market_intelligence/test_market_decision_clarity.py,YES,NO,,NONE,YES,.github/workflows/ci.yml,ast_parse;py_compile;stale_path_scan;frozen_hash_check;focused_pytest;ci_path_update;documentation_update;dynamic_loader_semantics,
04_Testing/test_market_regime.py,04_Testing/ai/core/test_market_regime.py,READY,pytest_test,Core,HIGH,330,Core=330[300:dynamic-module:02_AI.Core.market_regime;30:filename-heuristic],ACTIVE_REGRESSION,runtime.market_intelligence,04_Testing/runtime/market_intelligence/test_market_regime.py,YES,NO,,NONE,YES,.github/workflows/ci.yml,ast_parse;py_compile;stale_path_scan;frozen_hash_check;focused_pytest;ci_path_update;documentation_update;dynamic_loader_semantics,
04_Testing/test_market_structure.py,04_Testing/ai/core/test_market_structure.py,READY,pytest_test,Core,HIGH,330,Core=330[300:dynamic-module:02_AI.Core.market_structure;30:filename-heuristic],ACTIVE_REGRESSION,runtime.market_intelligence,04_Testing/runtime/market_intelligence/test_market_structure.py,YES,YES,,NONE,NO,,ast_parse;py_compile;stale_path_scan;frozen_hash_check;focused_pytest;dynamic_loader_semantics,
04_Testing/test_momentum_features.py,04_Testing/integration/test_momentum_features.py,REVIEW_REQUIRED,pytest_test,multi_domain,MEDIUM,330,Features=330[300:dynamic-module:02_AI.Features.momentum_features;30:filename-heuristic] | Dataset=300[300:dynamic-module:02_AI.Dataset.data_fetcher],ACTIVE_REGRESSION,runtime.market_intelligence,04_Testing/runtime/market_intelligence/test_momentum_features.py,YES,YES,1,HIGH,NO,,ast_parse;py_compile;stale_path_scan;frozen_hash_check;focused_pytest;repo_root_semantics;dynamic_loader_semantics,multiple strong source domains
04_Testing/test_mt5_read_only_completed_fill_adapter.py,04_Testing/ai/shadow/test_mt5_read_only_completed_fill_adapter.py,READY,pytest_test,Shadow,HIGH,630,Shadow=630[300:dynamic-module:02_AI.Shadow.forward_execution_evidence_capture;300:dynamic-module:02_AI.Shadow.mt5_read_only_completed_fill_adapter;30:filename-heuristic],ACTIVE_REGRESSION,runtime.execution_risk,04_Testing/runtime/execution_risk/test_mt5_read_only_completed_fill_adapter.py,YES,NO,,NONE,NO,,ast_parse;py_compile;stale_path_scan;frozen_hash_check;focused_pytest;dynamic_loader_semantics,
04_Testing/test_mt5_read_only_fill_telemetry_adapter.py,04_Testing/ai/shadow/test_mt5_read_only_fill_telemetry_adapter.py,READY,pytest_test,Shadow,HIGH,630,Shadow=630[300:dynamic-module:02_AI.Shadow.mt5_read_only_fill_telemetry_adapter;300:dynamic-module:02_AI.Shadow.realized_fill_telemetry_bridge;30:filename-heuristic],ACTIVE_REGRESSION,runtime.execution_risk,04_Testing/runtime/execution_risk/test_mt5_read_only_fill_telemetry_adapter.py,YES,NO,,NONE,NO,,ast_parse;py_compile;stale_path_scan;frozen_hash_check;focused_pytest;dynamic_loader_semantics,
04_Testing/test_mt5_read_only_instrument_attestation_adapter.py,04_Testing/ai/dataset/test_mt5_read_only_instrument_attestation_adapter.py,READY,pytest_test,Dataset,HIGH,630,Dataset=630[300:dynamic-module:02_AI.Dataset.instrument_frame_guard;300:dynamic-module:02_AI.Dataset.mt5_read_only_instrument_attestation_adapter;30:filename-heuristic] | Common=120[120:module-from:types],ACTIVE_REGRESSION,runtime.misc,04_Testing/runtime/misc/test_mt5_read_only_instrument_attestation_adapter.py,YES,NO,,NONE,NO,,ast_parse;py_compile;stale_path_scan;frozen_hash_check;focused_pytest;dynamic_loader_semantics,
04_Testing/test_paper_ledger.py,04_Testing/ai/shadow/test_paper_ledger.py,READY,pytest_test,Shadow,HIGH,330,Shadow=330[300:dynamic-module:02_AI.Shadow.paper_ledger;30:filename-heuristic],ACTIVE_REGRESSION,runtime.execution_risk,04_Testing/runtime/execution_risk/test_paper_ledger.py,YES,NO,,NONE,YES,.github/workflows/ci.yml,ast_parse;py_compile;stale_path_scan;frozen_hash_check;focused_pytest;ci_path_update;documentation_update;dynamic_loader_semantics,
04_Testing/test_realized_execution_cost_accounting.py,04_Testing/ai/shadow/test_realized_execution_cost_accounting.py,READY,pytest_test,Shadow,HIGH,630,Shadow=630[300:dynamic-module:02_AI.Shadow.execution_friction_model;300:dynamic-module:02_AI.Shadow.realized_execution_cost_accounting;30:filename-heuristic] | Common=120[120:module-from:types],ACTIVE_REGRESSION,runtime.execution_risk,04_Testing/runtime/execution_risk/test_realized_execution_cost_accounting.py,YES,NO,,NONE,NO,,ast_parse;py_compile;stale_path_scan;frozen_hash_check;focused_pytest;dynamic_loader_semantics,
04_Testing/test_realized_execution_cost_lifecycle_observer.py,04_Testing/ai/shadow/test_realized_execution_cost_lifecycle_observer.py,READY,pytest_test,Shadow,HIGH,930,Shadow=930[300:dynamic-module:02_AI.Shadow.execution_friction_model;300:dynamic-module:02_AI.Shadow.realized_execution_cost_accounting;300:dynamic-module:02_AI.Shadow.realized_execution_cost_lifecycle_observer;30:filename-heuristic] | Common=120[120:module-from:types],ACTIVE_REGRESSION,runtime.execution_risk,04_Testing/runtime/execution_risk/test_realized_execution_cost_lifecycle_observer.py,YES,NO,,NONE,NO,,ast_parse;py_compile;stale_path_scan;frozen_hash_check;focused_pytest;dynamic_loader_semantics,
04_Testing/test_realized_fill_observation_coordinator.py,04_Testing/ai/shadow/test_realized_fill_observation_coordinator.py,READY,pytest_test,Shadow,HIGH,930,Shadow=930[300:dynamic-module:02_AI.Shadow.execution_friction_model;300:dynamic-module:02_AI.Shadow.realized_fill_observation_coordinator;300:dynamic-module:02_AI.Shadow.realized_fill_telemetry_bridge;30:filename-heuristic] | Common=120[120:module-from:types],ACTIVE_REGRESSION,runtime.execution_risk,04_Testing/runtime/execution_risk/test_realized_fill_observation_coordinator.py,YES,NO,,NONE,NO,,ast_parse;py_compile;stale_path_scan;frozen_hash_check;focused_pytest;dynamic_loader_semantics,
04_Testing/test_realized_fill_telemetry_bridge.py,04_Testing/ai/shadow/test_realized_fill_telemetry_bridge.py,READY,pytest_test,Shadow,HIGH,930,Shadow=930[300:dynamic-module:02_AI.Shadow.execution_friction_model;300:dynamic-module:02_AI.Shadow.realized_execution_cost_accounting;300:dynamic-module:02_AI.Shadow.realized_fill_telemetry_bridge;30:filename-heuristic] | Common=120[120:module-from:types],ACTIVE_REGRESSION,runtime.execution_risk,04_Testing/runtime/execution_risk/test_realized_fill_telemetry_bridge.py,YES,NO,,NONE,NO,,ast_parse;py_compile;stale_path_scan;frozen_hash_check;focused_pytest;dynamic_loader_semantics,
04_Testing/test_repository.py,04_Testing/ai/database/test_repository.py,READY,pytest_test,Database,HIGH,330,Database=330[300:dynamic-module:02_AI.Database.repository;30:filename-heuristic],ACTIVE_REGRESSION,runtime.infrastructure,04_Testing/runtime/infrastructure/test_repository.py,YES,YES,1,HIGH,NO,,ast_parse;py_compile;stale_path_scan;frozen_hash_check;focused_pytest;repo_root_semantics;dynamic_loader_semantics,
04_Testing/test_research_candidate_episode.py,04_Testing/ai/shadow/test_research_candidate_episode.py,READY,pytest_test,Shadow,HIGH,330,Shadow=330[300:dynamic-module:02_AI.Shadow.research_candidate_episode;30:filename-heuristic],HISTORICAL_OR_SHADOW,research.shadow_or_legacy,04_Testing/research/shadow_or_legacy/test_research_candidate_episode.py,YES,NO,,NONE,YES,.github/workflows/ci.yml,ast_parse;py_compile;stale_path_scan;frozen_hash_check;focused_pytest;ci_path_update;documentation_update;dynamic_loader_semantics,
04_Testing/test_research_candidate_ledger.py,04_Testing/ai/shadow/test_research_candidate_ledger.py,READY,pytest_test,Shadow,HIGH,330,Shadow=330[300:dynamic-module:02_AI.Shadow.research_candidate_ledger;30:filename-heuristic],HISTORICAL_OR_SHADOW,research.shadow_or_legacy,04_Testing/research/shadow_or_legacy/test_research_candidate_ledger.py,YES,NO,,NONE,YES,.github/workflows/ci.yml,ast_parse;py_compile;stale_path_scan;frozen_hash_check;focused_pytest;ci_path_update;documentation_update;dynamic_loader_semantics,
04_Testing/test_research_intelligence_pipeline.py,04_Testing/ai/core/test_research_intelligence_pipeline.py,READY,pytest_test,Core,HIGH,1080,Core=1080[180:module-string:candle_swing_intelligence;180:module-string:level_entry_intelligence;180:module-string:liquidity_lifecycle;180:module-string:liquidity_structure_intelligence;180:module-string:market_context_liquidity;180:module-string:market_decision_clarity] | Shadow=330[300:dynamic-module:02_AI.Shadow.research_intelligence_pipeline;30:filename-heuristic],HISTORICAL_OR_SHADOW,research.shadow_or_legacy,04_Testing/research/shadow_or_legacy/test_research_intelligence_pipeline.py,YES,NO,,NONE,YES,.github/workflows/ci.yml,ast_parse;py_compile;stale_path_scan;frozen_hash_check;focused_pytest;ci_path_update;documentation_update;dynamic_loader_semantics,
04_Testing/test_research_opportunity_quality.py,04_Testing/ai/shadow/test_research_opportunity_quality.py,READY,pytest_test,Shadow,HIGH,330,Shadow=330[300:dynamic-module:02_AI.Shadow.research_opportunity_quality;30:filename-heuristic],HISTORICAL_OR_SHADOW,research.shadow_or_legacy,04_Testing/research/shadow_or_legacy/test_research_opportunity_quality.py,YES,NO,,NONE,YES,.github/workflows/ci.yml,ast_parse;py_compile;stale_path_scan;frozen_hash_check;focused_pytest;ci_path_update;documentation_update;dynamic_loader_semantics,
04_Testing/test_research_opportunity_weight_engine.py,04_Testing/ai/shadow/test_research_opportunity_weight_engine.py,READY,pytest_test,Shadow,HIGH,330,Shadow=330[300:dynamic-module:02_AI.Shadow.research_opportunity_weight_engine;30:filename-heuristic],HISTORICAL_OR_SHADOW,research.shadow_or_legacy,04_Testing/research/shadow_or_legacy/test_research_opportunity_weight_engine.py,YES,NO,,NONE,YES,.github/workflows/ci.yml,ast_parse;py_compile;stale_path_scan;frozen_hash_check;focused_pytest;ci_path_update;documentation_update;dynamic_loader_semantics,
04_Testing/test_research_telemetry.py,04_Testing/ai/shadow/test_research_telemetry.py,READY,pytest_test,Shadow,HIGH,630,Shadow=630[300:dynamic-module:02_AI.Shadow.research_intelligence_pipeline;300:dynamic-module:02_AI.Shadow.research_telemetry;30:filename-heuristic],HISTORICAL_OR_SHADOW,research.shadow_or_legacy,04_Testing/research/shadow_or_legacy/test_research_telemetry.py,YES,NO,,NONE,YES,.github/workflows/ci.yml,ast_parse;py_compile;stale_path_scan;frozen_hash_check;focused_pytest;ci_path_update;documentation_update;dynamic_loader_semantics,
04_Testing/test_research_weight_forward_ledger.py,04_Testing/ai/shadow/test_research_weight_forward_ledger.py,READY,pytest_test,Shadow,HIGH,330,Shadow=330[300:dynamic-module:02_AI.Shadow.research_weight_forward_ledger;30:filename-heuristic],HISTORICAL_OR_SHADOW,research.shadow_or_legacy,04_Testing/research/shadow_or_legacy/test_research_weight_forward_ledger.py,YES,NO,,NONE,YES,.github/workflows/ci.yml,ast_parse;py_compile;stale_path_scan;frozen_hash_check;focused_pytest;ci_path_update;documentation_update;dynamic_loader_semantics,
04_Testing/test_research_zone_context_forward_ledger.py,04_Testing/ai/shadow/test_research_zone_context_forward_ledger.py,READY,pytest_test,Shadow,HIGH,330,Shadow=330[300:dynamic-module:02_AI.Shadow.research_zone_context_forward_ledger;30:filename-heuristic],HISTORICAL_OR_SHADOW,research.shadow_or_legacy,04_Testing/research/shadow_or_legacy/test_research_zone_context_forward_ledger.py,YES,NO,,NONE,YES,.github/workflows/ci.yml,ast_parse;py_compile;stale_path_scan;frozen_hash_check;focused_pytest;ci_path_update;documentation_update;dynamic_loader_semantics,
04_Testing/test_research_zone_context_outcome.py,04_Testing/ai/shadow/test_research_zone_context_outcome.py,READY,pytest_test,Shadow,HIGH,330,Shadow=330[300:dynamic-module:02_AI.Shadow.research_zone_context_outcome;30:filename-heuristic],HISTORICAL_OR_SHADOW,research.shadow_or_legacy,04_Testing/research/shadow_or_legacy/test_research_zone_context_outcome.py,YES,NO,,NONE,YES,.github/workflows/ci.yml,ast_parse;py_compile;stale_path_scan;frozen_hash_check;focused_pytest;ci_path_update;documentation_update;dynamic_loader_semantics,
04_Testing/test_risk_engine.py,04_Testing/ai/core/test_risk_engine.py,READY,pytest_test,Core,HIGH,330,Core=330[300:dynamic-module:02_AI.Core.risk_engine;30:filename-heuristic],ACTIVE_REGRESSION,runtime.execution_risk,04_Testing/runtime/execution_risk/test_risk_engine.py,YES,NO,,NONE,NO,,ast_parse;py_compile;stale_path_scan;frozen_hash_check;focused_pytest;dynamic_loader_semantics,
04_Testing/test_risk_mode_basket_reconciliation.py,04_Testing/ai/shadow/test_risk_mode_basket_reconciliation.py,READY,pytest_test,Shadow,HIGH,630,Shadow=630[300:dynamic-module:02_AI.Shadow.bootstrap_compounding_planner;300:dynamic-module:02_AI.Shadow.risk_mode_basket_reconciliation;30:filename-heuristic] | Common=120[120:module-from:types],ACTIVE_REGRESSION,runtime.execution_risk,04_Testing/runtime/execution_risk/test_risk_mode_basket_reconciliation.py,YES,NO,,NONE,NO,,ast_parse;py_compile;stale_path_scan;frozen_hash_check;focused_pytest;dynamic_loader_semantics,
04_Testing/test_risk_policy_scenario_matrix.py,04_Testing/ai/shadow/test_risk_policy_scenario_matrix.py,READY,pytest_test,Shadow,HIGH,930,Shadow=930[300:dynamic-module:02_AI.Shadow.bootstrap_compounding_planner;300:dynamic-module:02_AI.Shadow.broker_aware_risk_engine;300:dynamic-module:02_AI.Shadow.risk_policy_scenario_matrix;30:filename-heuristic],ACTIVE_REGRESSION,runtime.execution_risk,04_Testing/runtime/execution_risk/test_risk_policy_scenario_matrix.py,YES,NO,,NONE,NO,,ast_parse;py_compile;stale_path_scan;frozen_hash_check;focused_pytest;dynamic_loader_semantics,
04_Testing/test_risk_reconciled_account_protected_lifecycle.py,04_Testing/ai/shadow/test_risk_reconciled_account_protected_lifecycle.py,READY,pytest_test,Shadow,HIGH,3930,Shadow=3930[300:dynamic-module:02_AI.Shadow.account_protected_compounding_admission;300:dynamic-module:02_AI.Shadow.account_protection_guard;300:dynamic-module:02_AI.Shadow.bootstrap_compounding_planner;300:dynamic-module:02_AI.Shadow.broker_aware_risk_engine;300:dynamic-module:02_AI.Shadow.compounding_account_state_adapter;300:dynamic-module:02_AI.Shadow.compounding_lifecycle_accounting;300:dynamic-module:02_AI.Shadow.compounding_pnl_ledger;300:dynamic-module:02_AI.Shadow.compounding_trade_state_machine;300:dynamic-module:02_AI.Shadow.execution_aware_compounding_admission;300:dynamic-module:02_AI.Shadow.execution_aware_lifecycle_gate;300:dynamic-module:02_AI.Shadow.execution_friction_model;300:dynamic-module:02_AI.Shadow.risk_mode_basket_reconciliation;300:dynamic-module:02_AI.Shadow.risk_reconciled_account_protected_lifecycle;30:filename-heuristic] | Common=120[120:module-from:types],ACTIVE_REGRESSION,runtime.execution_risk,04_Testing/runtime/execution_risk/test_risk_reconciled_account_protected_lifecycle.py,YES,NO,,NONE,NO,,ast_parse;py_compile;stale_path_scan;frozen_hash_check;focused_pytest;dynamic_loader_semantics,
04_Testing/test_run_xauusd_portable_331_candidate_evaluator_integration.py,04_Testing/ai/common/test_run_xauusd_portable_331_candidate_evaluator_integration.py,REVIEW_REQUIRED,pytest_test,Common,MEDIUM,120,Common=120[120:module-from:types],HISTORICAL_FROZEN,research.portable_331.train,04_Testing/research/portable_331/train/test_run_xauusd_portable_331_candidate_evaluator_integration.py,YES,NO,,NONE,NO,,ast_parse;py_compile;stale_path_scan;frozen_hash_check;focused_pytest;dynamic_loader_semantics,
04_Testing/test_run_xauusd_portable_331_one_time_test.py,04_Testing/test_run_xauusd_portable_331_one_time_test.py,FROZEN_STAY,pytest_test,frozen_compatibility,FROZEN,120,Common=120[120:module-from:types],FROZEN_HOLDOUT,research.portable_331.holdout,04_Testing/test_run_xauusd_portable_331_one_time_test.py,YES,NO,,NONE,NO,,ast_parse;py_compile;stale_path_scan;frozen_hash_check;focused_pytest;dynamic_loader_semantics,
04_Testing/test_run_xauusd_portable_331_one_time_validation.py,04_Testing/test_run_xauusd_portable_331_one_time_validation.py,FROZEN_STAY,pytest_test,frozen_compatibility,FROZEN,0,,FROZEN_HOLDOUT,research.portable_331.holdout,04_Testing/test_run_xauusd_portable_331_one_time_validation.py,YES,NO,,NONE,NO,,ast_parse;py_compile;stale_path_scan;frozen_hash_check;focused_pytest;dynamic_loader_semantics,
04_Testing/test_run_xauusd_portable_331_train_candidate_walk_forward_evaluation.py,04_Testing/test_run_xauusd_portable_331_train_candidate_walk_forward_evaluation.py,REVIEW_REQUIRED,pytest_test,unresolved,LOW,0,,HISTORICAL_FROZEN,research.portable_331.train,04_Testing/research/portable_331/train/test_run_xauusd_portable_331_train_candidate_walk_forward_evaluation.py,YES,NO,,NONE,NO,,ast_parse;py_compile;stale_path_scan;frozen_hash_check;focused_pytest;dynamic_loader_semantics,
04_Testing/test_scalping_pipeline.py,04_Testing/ai/objects/test_scalping_pipeline.py,READY,pytest_test,Objects,HIGH,540,Objects=540[180:module-string:liquidity] | Core=330[300:dynamic-module:02_AI.Core.scalping_pipeline;30:filename-heuristic],HISTORICAL_OR_SHADOW,research.shadow_or_legacy,04_Testing/research/shadow_or_legacy/test_scalping_pipeline.py,YES,NO,,NONE,NO,,ast_parse;py_compile;stale_path_scan;frozen_hash_check;focused_pytest;dynamic_loader_semantics,
04_Testing/test_schema.py,04_Testing/ai/database/test_schema.py,READY,pytest_test,Database,HIGH,330,Database=330[300:dynamic-module:02_AI.Database.schema;30:filename-heuristic],ACTIVE_REGRESSION,runtime.infrastructure,04_Testing/runtime/infrastructure/test_schema.py,YES,YES,1,HIGH,NO,,ast_parse;py_compile;stale_path_scan;frozen_hash_check;focused_pytest;repo_root_semantics;dynamic_loader_semantics,
04_Testing/test_setup_state.py,04_Testing/ai/core/test_setup_state.py,READY,pytest_test,Core,HIGH,330,Core=330[300:dynamic-module:02_AI.Core.setup_state_engine;30:filename-heuristic],ACTIVE_REGRESSION,runtime.market_intelligence,04_Testing/runtime/market_intelligence/test_setup_state.py,YES,NO,,NONE,NO,,ast_parse;py_compile;stale_path_scan;frozen_hash_check;focused_pytest;dynamic_loader_semantics,
04_Testing/test_trend_features.py,04_Testing/integration/test_trend_features.py,REVIEW_REQUIRED,pytest_test,multi_domain,MEDIUM,330,Features=330[300:dynamic-module:02_AI.Features.trend_features;30:filename-heuristic] | Dataset=300[300:dynamic-module:02_AI.Dataset.data_fetcher],ACTIVE_REGRESSION,runtime.market_intelligence,04_Testing/runtime/market_intelligence/test_trend_features.py,YES,YES,1,HIGH,NO,,ast_parse;py_compile;stale_path_scan;frozen_hash_check;focused_pytest;repo_root_semantics;dynamic_loader_semantics,multiple strong source domains
04_Testing/test_v1_health.py,04_Testing/ai/config/test_v1_health.py,READY,pytest_test,Config,HIGH,1500,Config=1500[300:dynamic-module:02_AI.Config.settings] | Core=600[300:dynamic-module:02_AI.Core.market_regime] | Database=300[300:dynamic-module:02_AI.Database.database],ACTIVE_REGRESSION,runtime.infrastructure,04_Testing/runtime/infrastructure/test_v1_health.py,YES,NO,1,HIGH,YES,.github/workflows/ci.yml,ast_parse;py_compile;stale_path_scan;frozen_hash_check;focused_pytest;ci_path_update;documentation_update;repo_root_semantics;dynamic_loader_semantics,
04_Testing/test_verify_xauusd_portable_331_c04_full_train_model_artifact.py,04_Testing/test_verify_xauusd_portable_331_c04_full_train_model_artifact.py,REVIEW_REQUIRED,pytest_test,unresolved,LOW,0,,HISTORICAL_FROZEN,research.portable_331.train,04_Testing/research/portable_331/train/test_verify_xauusd_portable_331_c04_full_train_model_artifact.py,YES,NO,,NONE,NO,,ast_parse;py_compile;stale_path_scan;frozen_hash_check;focused_pytest;dynamic_loader_semantics,
04_Testing/test_volatility_features.py,04_Testing/integration/test_volatility_features.py,REVIEW_REQUIRED,pytest_test,multi_domain,MEDIUM,330,Features=330[300:dynamic-module:02_AI.Features.volatility_features;30:filename-heuristic] | Dataset=300[300:dynamic-module:02_AI.Dataset.data_fetcher],ACTIVE_REGRESSION,runtime.market_intelligence,04_Testing/runtime/market_intelligence/test_volatility_features.py,YES,YES,1,HIGH,NO,,ast_parse;py_compile;stale_path_scan;frozen_hash_check;focused_pytest;repo_root_semantics;dynamic_loader_semantics,multiple strong source domains
04_Testing/test_xauusd_hierarchical_model_v4_trainer.py,04_Testing/integration/test_xauusd_hierarchical_model_v4_trainer.py,REVIEW_REQUIRED,pytest_test,multi_domain,MEDIUM,330,Models=330[300:dynamic-module:02_AI.Models.xauusd_hierarchical_model_v4_trainer;30:filename-heuristic] | Common=300[300:dynamic-module:02_AI.Common.instrument_context] | Dataset=300[300:dynamic-module:02_AI.Dataset.training_matrix_builder],HISTORICAL,research.legacy_ml,04_Testing/research/legacy_ml/test_xauusd_hierarchical_model_v4_trainer.py,YES,NO,,NONE,NO,,ast_parse;py_compile;stale_path_scan;frozen_hash_check;focused_pytest;dynamic_loader_semantics,multiple strong source domains
04_Testing/test_xauusd_portable_331_authorized_test_source.py,04_Testing/test_xauusd_portable_331_authorized_test_source.py,FROZEN_STAY,pytest_test,frozen_compatibility,FROZEN,0,,FROZEN_HOLDOUT,research.portable_331.holdout,04_Testing/test_xauusd_portable_331_authorized_test_source.py,YES,NO,,NONE,NO,,ast_parse;py_compile;stale_path_scan;frozen_hash_check;focused_pytest;dynamic_loader_semantics,
04_Testing/test_xauusd_portable_331_authorized_validation_source.py,04_Testing/test_xauusd_portable_331_authorized_validation_source.py,FROZEN_STAY,pytest_test,frozen_compatibility,FROZEN,0,,FROZEN_HOLDOUT,research.portable_331.holdout,04_Testing/test_xauusd_portable_331_authorized_validation_source.py,YES,NO,,NONE,NO,,ast_parse;py_compile;stale_path_scan;frozen_hash_check;focused_pytest;dynamic_loader_semantics,
04_Testing/test_xauusd_portable_331_candidate_evaluator_runtime_import.py,04_Testing/test_xauusd_portable_331_candidate_evaluator_runtime_import.py,REVIEW_REQUIRED,pytest_test,unresolved,LOW,0,,HISTORICAL_FROZEN,research.portable_331.train,04_Testing/research/portable_331/train/test_xauusd_portable_331_candidate_evaluator_runtime_import.py,YES,NO,,NONE,NO,,ast_parse;py_compile;stale_path_scan;frozen_hash_check;focused_pytest;dynamic_loader_semantics,
04_Testing/test_xauusd_portable_331_one_time_test_core.py,04_Testing/test_xauusd_portable_331_one_time_test_core.py,FROZEN_STAY,pytest_test,frozen_compatibility,FROZEN,0,,FROZEN_HOLDOUT,research.portable_331.holdout,04_Testing/test_xauusd_portable_331_one_time_test_core.py,YES,NO,,NONE,NO,,ast_parse;py_compile;stale_path_scan;frozen_hash_check;focused_pytest;dynamic_loader_semantics,
04_Testing/test_xauusd_portable_331_one_time_validation_core.py,04_Testing/test_xauusd_portable_331_one_time_validation_core.py,FROZEN_STAY,pytest_test,frozen_compatibility,FROZEN,0,,FROZEN_HOLDOUT,research.portable_331.holdout,04_Testing/test_xauusd_portable_331_one_time_validation_core.py,YES,NO,,NONE,NO,,ast_parse;py_compile;stale_path_scan;frozen_hash_check;focused_pytest;dynamic_loader_semantics,
04_Testing/test_xauusd_portable_331_training_input_loader.py,04_Testing/ai/dataset/test_xauusd_portable_331_training_input_loader.py,READY,pytest_test,Dataset,HIGH,300,Dataset=300[300:dynamic-module:02_AI.Dataset.portable_331_training_input_loader],HISTORICAL_FROZEN,research.portable_331.train,04_Testing/research/portable_331/train/test_xauusd_portable_331_training_input_loader.py,YES,NO,,NONE,NO,,ast_parse;py_compile;stale_path_scan;frozen_hash_check;focused_pytest;dynamic_loader_semantics,
04_Testing/test_xauusd_portable_training_feature_projector.py,04_Testing/ai/dataset/test_xauusd_portable_training_feature_projector.py,READY,pytest_test,Dataset,HIGH,300,Dataset=300[300:dynamic-module:02_AI.Dataset.portable_training_feature_projector],ACTIVE_REGRESSION,runtime.misc,04_Testing/runtime/misc/test_xauusd_portable_training_feature_projector.py,YES,NO,,NONE,NO,,ast_parse;py_compile;stale_path_scan;frozen_hash_check;focused_pytest;dynamic_loader_semantics,
04_Testing/train_xauusd_hierarchical_model_v4.py,04_Testing/research/legacy_ml/train_xauusd_hierarchical_model_v4.py,REVIEW_REQUIRED,operation_or_research,research.legacy_ml,MEDIUM,300,Models=300[300:dynamic-module:02_AI.Models.xauusd_hierarchical_model_v4_trainer],HISTORICAL,research.legacy_ml,04_Testing/research/legacy_ml/train_xauusd_hierarchical_model_v4.py,YES,YES,,NONE,NO,,ast_parse;py_compile;stale_path_scan;frozen_hash_check;dynamic_loader_semantics,"old research classification retained as evidence, not authority"
04_Testing/train_xauusd_model_v1.py,04_Testing/research/legacy_ml/train_xauusd_model_v1.py,REVIEW_REQUIRED,operation_or_research,research.legacy_ml,MEDIUM,300,Models=300[300:dynamic-module:02_AI.Models.xauusd_model_trainer],HISTORICAL,research.legacy_ml,04_Testing/research/legacy_ml/train_xauusd_model_v1.py,YES,YES,,NONE,NO,,ast_parse;py_compile;stale_path_scan;frozen_hash_check;dynamic_loader_semantics,"old research classification retained as evidence, not authority"
04_Testing/train_xauusd_model_v2.py,04_Testing/research/legacy_ml/train_xauusd_model_v2.py,REVIEW_REQUIRED,operation_or_research,research.legacy_ml,MEDIUM,300,Models=300[300:dynamic-module:02_AI.Models.xauusd_model_v2_trainer],HISTORICAL,research.legacy_ml,04_Testing/research/legacy_ml/train_xauusd_model_v2.py,YES,YES,,NONE,NO,,ast_parse;py_compile;stale_path_scan;frozen_hash_check;dynamic_loader_semantics,"old research classification retained as evidence, not authority"
04_Testing/train_xauusd_model_v3.py,04_Testing/research/legacy_ml/train_xauusd_model_v3.py,REVIEW_REQUIRED,operation_or_research,research.legacy_ml,MEDIUM,300,Models=300[300:dynamic-module:02_AI.Models.xauusd_model_v3_trainer],HISTORICAL,research.legacy_ml,04_Testing/research/legacy_ml/train_xauusd_model_v3.py,YES,YES,,NONE,NO,,ast_parse;py_compile;stale_path_scan;frozen_hash_check;dynamic_loader_semantics,"old research classification retained as evidence, not authority"
04_Testing/tune_xauusd_hierarchical_model_v4_stage_b.py,04_Testing/research/legacy_ml/tune_xauusd_hierarchical_model_v4_stage_b.py,REVIEW_REQUIRED,operation_or_research,research.legacy_ml,MEDIUM,300,Models=300[300:dynamic-module:02_AI.Models.xauusd_hierarchical_model_v4_trainer],HISTORICAL,research.legacy_ml,04_Testing/research/legacy_ml/tune_xauusd_hierarchical_model_v4_stage_b.py,YES,YES,,NONE,NO,,ast_parse;py_compile;stale_path_scan;frozen_hash_check;dynamic_loader_semantics,"old research classification retained as evidence, not authority"
04_Testing/verify_xauusd_portable_331_c04_full_train_model_artifact.py,04_Testing/research/portable_331/train/verify_xauusd_portable_331_c04_full_train_model_artifact.py,REVIEW_REQUIRED,operation_or_research,research.portable_331.train,MEDIUM,0,,HISTORICAL_FROZEN,research.portable_331.train,04_Testing/research/portable_331/train/verify_xauusd_portable_331_c04_full_train_model_artifact.py,NO,NO,1,HIGH,NO,05_Documentation/Developer_Guide.md;05_Documentation/Module_List.md,ast_parse;py_compile;stale_path_scan;frozen_hash_check;documentation_update;repo_root_semantics,"old research classification retained as evidence, not authority"
04_Testing/xauusd_portable_331_authorized_test_source.py,04_Testing/xauusd_portable_331_authorized_test_source.py,FROZEN_STAY,operation_or_research,frozen_compatibility,FROZEN,0,,FROZEN_HOLDOUT,research.portable_331.holdout,04_Testing/xauusd_portable_331_authorized_test_source.py,YES,NO,,NONE,NO,,ast_parse;py_compile;stale_path_scan;frozen_hash_check;dynamic_loader_semantics,
04_Testing/xauusd_portable_331_authorized_validation_source.py,04_Testing/xauusd_portable_331_authorized_validation_source.py,FROZEN_STAY,operation_or_research,frozen_compatibility,FROZEN,220,Dataset=220[220:source-file-string:portable_331_training_input_loader.py] | Common=120[120:module-from:types],FROZEN_HOLDOUT,research.portable_331.holdout,04_Testing/xauusd_portable_331_authorized_validation_source.py,YES,NO,1,HIGH,NO,05_Documentation/Architecture.md;05_Documentation/Developer_Guide.md;05_Documentation/Module_List.md,ast_parse;py_compile;stale_path_scan;frozen_hash_check;documentation_update;repo_root_semantics;dynamic_loader_semantics,
04_Testing/xauusd_portable_331_one_time_test_core.py,04_Testing/xauusd_portable_331_one_time_test_core.py,FROZEN_STAY,operation_or_research,frozen_compatibility,FROZEN,0,,FROZEN_HOLDOUT,research.portable_331.holdout,04_Testing/xauusd_portable_331_one_time_test_core.py,NO,NO,,NONE,NO,,ast_parse;py_compile;stale_path_scan;frozen_hash_check,
04_Testing/xauusd_portable_331_one_time_validation_core.py,04_Testing/xauusd_portable_331_one_time_validation_core.py,FROZEN_STAY,operation_or_research,frozen_compatibility,FROZEN,120,Common=120[120:module-from:types],FROZEN_HOLDOUT,research.portable_331.holdout,04_Testing/xauusd_portable_331_one_time_validation_core.py,YES,NO,1,HIGH,NO,05_Documentation/Developer_Guide.md;05_Documentation/Module_List.md,ast_parse;py_compile;stale_path_scan;frozen_hash_check;documentation_update;repo_root_semantics;dynamic_loader_semantics,
test_logger.py,test_logger.py,REVIEW_REQUIRED,pytest_test,Utils,MEDIUM,330,Utils=330[300:dynamic-module:02_AI.Utils.logger;30:filename-heuristic],NORMAL,,,YES,YES,,NONE,NO,05_Documentation/Module_List.md,ast_parse;py_compile;stale_path_scan;frozen_hash_check;focused_pytest;documentation_update;dynamic_loader_semantics,root test-named file; pytest_functions=0
test_settings.py,test_settings.py,REVIEW_REQUIRED,pytest_test,Config,MEDIUM,330,Config=330[300:dynamic-module:02_AI.Config.settings;30:filename-heuristic],NORMAL,,,YES,YES,,NONE,NO,05_Documentation/Module_List.md,ast_parse;py_compile;stale_path_scan;frozen_hash_check;focused_pytest;documentation_update;dynamic_loader_semantics,root test-named file; pytest_functions=0
